session_id_hash,product_sku_hash,add_count_during_session,has_been_detailed,price_bucket,session_length,session_interaction_count,session_query_count
8256e7aaf7ade5e68787f3118077de97ae8eec18f47f97dec999b8016b874d10,36e8246f800db10613eef89c81513df909ec8171a875f004392cef21c3f9c07c,1,1.0,8.0,1107373,13,1.0
f0682c73c8f2fb5584144e4f152bb5e58570cc1c69cd1f5a02567076fb307ee1,d95bb3c8be6b8dea4a2e3faf4a59f490de4b36eacf9ecf0b07e89360b9ff296e,1,1.0,6.0,108676,8,0.0
cedfb82a26c27b1f22fdc678892a426276ce299362cf0f991377bac815cc757a,650788beae75cb08d99dd70b3b3f430896d3019ab33d5b989591b6f79af113b8,1,1.0,8.0,1533480,17,0.0
ef888972c0f85f01b207596ad54fc95dd6b291557af34e3dfbe9affa187b27cb,951c1085322621747946b2edc4176ee11ff091774aff8c8f6e66b7ffed4b0ab2,1,1.0,6.0,349443,16,0.0
92931d9f8975b2a21467964ed73f137c616a4d0b05e72cce0c7d14515a6ba7e4,f6387e53121977fa223017cbe047e95060ccb013f6ee2c87067212e81d94c378,1,1.0,7.0,190270,12,0.0
42268280c28c1460ea1353bcb03b2c824d8f9b003873f7a77952ec510a19250b,8982b1b54503ece1ee3fbc8306b1bc7695be63e59ef4f8eaf395fafcbb082054,1,1.0,5.0,325668,8,0.0
319ec79f1f65361b3a9b552591f2a23338a41f1ebffa375404d3283f37eb591e,9902e9737357dd7da8f00316be54a818fccca4e0606f731d5eb7b90858407168,1,1.0,1.0,348417,15,1.0
c6b4be60f88ed265654db0ecec24be614549d0455bd5050f740940b3cb2dca12,7811c38ed7f821c790eb462b8d65a79b884148deae9940b40aa650e82a29543e,7,1.0,8.0,1527253,149,0.0
c6b4be60f88ed265654db0ecec24be614549d0455bd5050f740940b3cb2dca12,b1711a6ccab23b7ec711ab36dd35bd59a8622353472fbb303c3d934e3403c130,7,1.0,7.0,1527253,149,0.0
c6b4be60f88ed265654db0ecec24be614549d0455bd5050f740940b3cb2dca12,94dd7f65fe01e55568583ef8aeeca167526b01a33d1117c5c54725ee27399e39,7,1.0,8.0,1527253,149,0.0
c6b4be60f88ed265654db0ecec24be614549d0455bd5050f740940b3cb2dca12,5593f5d86ef3d4011f830ad73cbaf045192242836c8e9572870449cf3b77aae4,7,1.0,7.0,1527253,149,0.0
c6b4be60f88ed265654db0ecec24be614549d0455bd5050f740940b3cb2dca12,5593f5d86ef3d4011f830ad73cbaf045192242836c8e9572870449cf3b77aae4,7,1.0,7.0,1527253,149,0.0
c6b4be60f88ed265654db0ecec24be614549d0455bd5050f740940b3cb2dca12,5593f5d86ef3d4011f830ad73cbaf045192242836c8e9572870449cf3b77aae4,7,1.0,7.0,1527253,149,0.0
c6b4be60f88ed265654db0ecec24be614549d0455bd5050f740940b3cb2dca12,f79c82715dd0285156aae3faf2e42ab7e8c6c56f767d511cdf09d2b92429c65c,7,1.0,9.0,1527253,149,0.0
90290d5e7257e5dc82026bdb77b2be1ef60d504ed1f1fec1d174d3c1cb307d73,ec933902324cc11c63dba094279e88dfb98f5926b0f366bad4e9c4766de069a4,4,1.0,10.0,1391877,50,0.0
90290d5e7257e5dc82026bdb77b2be1ef60d504ed1f1fec1d174d3c1cb307d73,1d9f93e4ecf3bd11a663411b45c4440acb26f1eee35fbbd834c4e21891dde2a1,4,1.0,10.0,1391877,50,0.0
90290d5e7257e5dc82026bdb77b2be1ef60d504ed1f1fec1d174d3c1cb307d73,d5b9893bd33974bb2da5630de5fc71a990066f77c6ad53cc0d7a2a10975df405,4,1.0,9.0,1391877,50,0.0
90290d5e7257e5dc82026bdb77b2be1ef60d504ed1f1fec1d174d3c1cb307d73,6c2efa1dc03edf882aa9bbb12d2ccf7238f1de2b3fc9f27f3b77407c7acca46c,4,1.0,5.0,1391877,50,0.0
10c402e5075c9148b90d27279e89e42fefe7e831470ddc2c7da832477b95e42c,bc1c5da63704a76a5a42aaf6d7c7cff0df423c920820fd2dde3652d4a32bb8bb,1,1.0,7.0,460215,25,0.0
9852f800c3e43bd56014d6467c91f77c3e5995b528c09e013b4e760983cc95d7,af8fc8d1fa2448d0cf8cfd5be2c9a07de56b680a7f98756086b5a5b1abd1f220,1,1.0,9.0,997194,62,1.0
af8a9501ee312a982b74773da71d2c020b48fc41f0e158f3ec1f470ac91e56d0,4c2746530dcf05e7d2af44b6edc2e1ac8e255ce3963a7929cb09df9016f1bc28,1,1.0,8.0,129492,11,0.0
51f6a0f0be8d540aee173b5fee08ffb7fb21856fbab4425a3430d27a67976ddb,15fc0951e4ca5dd5d67a4013616bb115adb93379fbd0f0baf04ccdaa2a9847be,1,1.0,5.0,195467,9,0.0
e6c12bc7f9d498fd652081b4c16c34eeec3d4700db6304d7d400ead9f4296bfd,dc2a62372b24bf02b1f832b9b739e22d6fc370e8d1d260f65f533895e74ffe7b,1,1.0,9.0,334448,20,0.0
e1f4181f096b24c1e53f5a6d1a1d8c4005cc2bd4cea94edb4ce7e27fe307e546,586a1a9cadc15f252c10d801436a06aeb0006cf10b56e85bc0be42fc3caa877b,2,1.0,10.0,1992855,64,1.0
e1f4181f096b24c1e53f5a6d1a1d8c4005cc2bd4cea94edb4ce7e27fe307e546,debff3f549a0b71d01059e5699b17b5f1f3ff287fdf3291e074f5ad0c811350f,2,1.0,9.0,1992855,64,1.0
f9589b72304d6b083ccdd7b15cb37faa62969e58e4037dfe8d062ff183b2281c,5616624126082ed7ffc8657738f7f846f8b0b249485bb546b6240bc2b9ac2a7f,1,1.0,10.0,247374,7,0.0
b5d35c2c15037bc5a1553cf4ba4da47f965bfddb3f73fd4ff0d8014ddaf8f8a5,c7112040ad70c3c7b516e670d37770bf5e9aa24305601f8695e9586e0bd62746,1,1.0,5.0,180918,15,0.0
42b12cf4e42eded2f524282b8319076a415eeed94b7c993821afa283eb94bb79,201e9d4c044b87dd80a6156b3fc38143c2dc90d964aeb996696f9e3e2e70c9ed,1,1.0,10.0,94083,6,0.0
bc1d5164127df3c0f0a702998aaf9751e91136ba1d3f8fad4830087110eb75bb,231444ddbf0feff27cb337421b8e910c7c1b5a5a592f818d88d2b39a30fd241c,2,1.0,10.0,1083082,67,3.0
bc1d5164127df3c0f0a702998aaf9751e91136ba1d3f8fad4830087110eb75bb,5164089924f540816e416c49ec4a927bca278524b59e40d8ba466f865b970314,2,1.0,9.0,1083082,67,3.0
824ea24ceb4efc0f0edc4fe61d0680a2937aecd1d29fccf020fb0f1d070d9a04,e84da0c0d7e7d47eb7c5f10eb542656c6e2547d25c15de7332a808c15a63a467,1,0.0,8.0,382755,9,1.0
ce103d060e1c3a69e5393aa1ed5861be1ff52c012a42581106cca65bde95e80e,312495fc2f88b84050452162710f5d7e6de3c1c64b3cabec349e53fd71448a68,1,1.0,10.0,181815,6,0.0
4fbb13bd6a437cbe2fbc88c51acb435a40c4a1b0c163fd732992a79ecd5c09f4,a1c42ee0423610eea44963aa4706e1f4c7f5a48bd55eb88ae7660380c7b6b48f,1,1.0,8.0,311281,13,0.0
104c279e44555ef7dd326b45fca635aef382dbc2c2f76675e519d2e1fd717391,96a682a6e8b5e43d8074e0771629e00f02dad83403fba82b074750d3e6a747f3,1,1.0,8.0,993023,12,0.0
1a6516b018dd2131c684bd4df76abbf71a6041e04c441dcfe082285e28e66861,2c62038ef75c5b636c1acc328a40ec5d86e1e8fbe10689e226c88e2ebaa46c1d,1,1.0,6.0,1187362,13,1.0
5d9a86bfb675a68d4fc922b0ede55d3193d82c8e6cbffe44a551d74155f45116,17d27e6d2328a0d31c9fad325270d12d10b33aa67424ac265cf39dac8757d37f,1,1.0,8.0,469235,23,0.0
bed7d7e55e740c706e04c2ac2a414cbbf58dccdb0d25d7e5ac9110b6f0f023aa,17d27e6d2328a0d31c9fad325270d12d10b33aa67424ac265cf39dac8757d37f,1,1.0,8.0,1632091,29,0.0
580859061ec3f6611629d146768c9cba265e2398960204aa5cb4a26dc0962bea,b56e3b1c25a717834c5399f098cdcd61223ca992f76e70d39c6a5b6c625abaa8,3,1.0,6.0,2059424,43,1.0
580859061ec3f6611629d146768c9cba265e2398960204aa5cb4a26dc0962bea,7980687c7ce3f55b05e1629b5d2aae27c4e66dda1aedadca5c5850495682a3ad,3,1.0,1.0,2059424,43,1.0
580859061ec3f6611629d146768c9cba265e2398960204aa5cb4a26dc0962bea,7980687c7ce3f55b05e1629b5d2aae27c4e66dda1aedadca5c5850495682a3ad,3,1.0,1.0,2059424,43,1.0
c4363b1b3f625d38034b6f6c546f16c63cdfb7bd59daef069a380bdea8b8a7c1,b56e3b1c25a717834c5399f098cdcd61223ca992f76e70d39c6a5b6c625abaa8,1,1.0,6.0,1908131,24,0.0
07b5a696facfb68cf20d800da416a9546709177e01c2ee7f7893422ae960ead7,b56e3b1c25a717834c5399f098cdcd61223ca992f76e70d39c6a5b6c625abaa8,1,1.0,6.0,4745127,46,0.0
a849ba353dc39e67f4b3bacfb5af7072f2cd4387e47254d3484a6a06881b517b,a61a6a7bdba7884e42660441ad5fe71fddac29fa9fd9bae93be164f609fedd12,1,1.0,6.0,671053,15,0.0
953547962fefdd3d91e4e3aed8c6ca714c0f204fe6c53c2a0d32edd8e9e55294,d70cb834de90088b0d224bbf187196337e2cca1a55d71b67ec378891ffe9d423,1,1.0,6.0,2286056,38,1.0
605a96d9c5da1afdfb8510b9ae4a6b4c97c19063aaa84ba8f48af768591a010f,2a39646cc3c31fda3e38acdebc2c73584d6f5b8ddec98d489a63f442e634f262,1,1.0,1.0,244319,13,0.0
6ac5ae2191bdc2a58b21d071fee1408b82ba8dc363a9743139bcde9d849a906a,2a39646cc3c31fda3e38acdebc2c73584d6f5b8ddec98d489a63f442e634f262,1,1.0,1.0,677579,52,3.0
c65f21c53704f3e5cf29f7e8e463c8d9baaf16a4bdf76ea63507fc75ca695a47,9e7b27012f3c4e79417395924b88b82f125a4d6a931c395dd570d621cb2c8e8e,2,1.0,1.0,3757861,96,6.0
c65f21c53704f3e5cf29f7e8e463c8d9baaf16a4bdf76ea63507fc75ca695a47,0d0c2f0e690fe0f3e2822a014a3924fdc616b111bba757d1c6616e7e54acffd8,2,1.0,1.0,3757861,96,6.0
09f898bec1c61032679f8bd224d881638155c4734806ea86519ffd160e6d6602,5637328a7e81cb61a075d8c71fa6179f3265f1e7c309167b495cc14a1f495e51,1,1.0,5.0,1993188,112,2.0
0977dc57600ff1b8b5b76fa7d9494e4dd030a4d0d08c074ab39f977f41e5ead1,993b5baecf4d1cd2d839b08e47ad362997e43c1126a09e26144b8853931230ad,1,1.0,7.0,616197,28,0.0
850a0e687929885a7e9f35882c8dfca80172ad255981216f20edc5604514311a,87351dcfd979ed56d9c356c6a393d7f0688e1825f2191fbeb0907495f348fdec,1,1.0,9.0,1399505,31,0.0
a6c484c2b87d43b0b70f835b3ac438b56b027392f34f108b25dffb26179539b6,14ce43dd429f7a141376861ed041c52dc54e9a6899a1428a540619d32dc23c29,1,1.0,9.0,451762,25,0.0
9da4b278733a593d4f9c5dcdaa7b151090e80e81e17564336b05d19d890786ed,3b11266f85d5047d851d45a5814437bc46ffa253738bd584d4a78e0b3c3ef71c,5,1.0,6.0,1477238,74,0.0
9da4b278733a593d4f9c5dcdaa7b151090e80e81e17564336b05d19d890786ed,d746c37f6b46c12b9e921023a7ace8ecc0f565c3a6089aef6a68eae3696345bb,5,1.0,7.0,1477238,74,0.0
9da4b278733a593d4f9c5dcdaa7b151090e80e81e17564336b05d19d890786ed,ad363fab82cbf8ecd1e2c20bb1d139d7ed817fcccbf224ebf6ea1e6dc440753e,5,1.0,7.0,1477238,74,0.0
9da4b278733a593d4f9c5dcdaa7b151090e80e81e17564336b05d19d890786ed,c0e2e3b526bf7a52cd982a1ff9f3785cd2cbd89044663d0d29db0add5e756da3,5,1.0,7.0,1477238,74,0.0
9da4b278733a593d4f9c5dcdaa7b151090e80e81e17564336b05d19d890786ed,0626355814b235eee38e4c8fc1ac80fbb150f8741026829c853e455b5de4d413,5,1.0,6.0,1477238,74,0.0
0e4f11191fb9fdb2993cb833a62ccb026138e420ca88391ba93589a48ee0f3ed,b098003c61ff1ec40811190bb451aa359d36a708f3c795473a942e4af5add261,1,1.0,5.0,55419,5,0.0
ad6ca71a819b01df3382c2bec3b28781a5d6efd8f355ba85867f2331fff27a9e,10dd0e771014c0c7a69cc358b059bea505d17e4a81466f3ce014750796e18446,3,1.0,3.0,129415,12,1.0
ad6ca71a819b01df3382c2bec3b28781a5d6efd8f355ba85867f2331fff27a9e,409308a78b45af2d988eef583eb35a80cb5c89f294f77111a41a5af22e7e9592,3,1.0,5.0,129415,12,1.0
ad6ca71a819b01df3382c2bec3b28781a5d6efd8f355ba85867f2331fff27a9e,4c6cdd5cae82cc721588c69777f4000fa1e44f6d9adf30eeae8c24f0a62a0d65,3,1.0,6.0,129415,12,1.0
d1414d9eaaf4477755e8c54f97f443e4a639ae21310442cb8dcee3b91700eacb,4298b0555141b1db578180bf4fdf5ce01276c1bfec2fbcfa6ab14ef97af29512,3,1.0,5.0,440629,18,1.0
d1414d9eaaf4477755e8c54f97f443e4a639ae21310442cb8dcee3b91700eacb,8bf9e3a4e1955ee293c54d6bde04537674c811913b3c0fa92285747013d80095,3,1.0,5.0,440629,18,1.0
d1414d9eaaf4477755e8c54f97f443e4a639ae21310442cb8dcee3b91700eacb,7d716b425c224100d0e2753887b9179cf76a85657867e914289d67dd08ac5e77,3,1.0,3.0,440629,18,1.0
a7d57d40392d76eb857cae71ab698bcbdbe613583f73509f152d17b225baaeab,233d5743008d28811a8dfe38c3e55a3cf2baf6429c4ccb40352b2220f7492690,1,1.0,3.0,395802,11,0.0
661c79e6a1bd58f50af979b05701fc803f7ee7f40928dae138254c706b8c7731,718bbab2e7aac355ff798a95f117d448062eebf7a9eb006408a365313da45007,1,0.0,10.0,586094,10,1.0
d8f80edee9eb029bb3ac12478519b33010d76a51ecfc10751d0013839d7ee743,f5ccd0f507d556f1099ea1b9c4965f01847c2be41e8fd9c4594e31ad93ae3799,2,1.0,4.0,2460561,48,1.0
d8f80edee9eb029bb3ac12478519b33010d76a51ecfc10751d0013839d7ee743,f5ccd0f507d556f1099ea1b9c4965f01847c2be41e8fd9c4594e31ad93ae3799,2,1.0,4.0,2460561,48,1.0
f1d14a9d4a6eb0632167277dc280f794b8f5159dc87852b1f5a70e66bbda3067,3361022e6041cc91fb445db3832502c590f4ceaec5e52eda124b8c82a041a99f,2,1.0,8.0,635925,11,0.0
f1d14a9d4a6eb0632167277dc280f794b8f5159dc87852b1f5a70e66bbda3067,c415099d2c80847e6192c70e02bb8626de70de6d9b106861b313c6756d494dbd,2,1.0,8.0,635925,11,0.0
ade8eab35c320932a47599224e1b63b98be17de0d633dad6cba146c22c603c63,096fdf5eee7bab8b47930530ea6421fc6efd151bb0bd145fec38d2d9fb4559cc,4,1.0,9.0,827831,43,0.0
ade8eab35c320932a47599224e1b63b98be17de0d633dad6cba146c22c603c63,096fdf5eee7bab8b47930530ea6421fc6efd151bb0bd145fec38d2d9fb4559cc,4,1.0,9.0,827831,43,0.0
ade8eab35c320932a47599224e1b63b98be17de0d633dad6cba146c22c603c63,b082950b7ca81311be2d518c76c4a0c869b453b14660951792ece7652a8a7b8f,4,1.0,9.0,827831,43,0.0
ade8eab35c320932a47599224e1b63b98be17de0d633dad6cba146c22c603c63,b082950b7ca81311be2d518c76c4a0c869b453b14660951792ece7652a8a7b8f,4,1.0,9.0,827831,43,0.0
30a4c36d1d5f79451dec1a06759a7c8eb0ab4f603e301dd831691ce8e7e70ea2,b082950b7ca81311be2d518c76c4a0c869b453b14660951792ece7652a8a7b8f,1,1.0,9.0,632596,40,0.0
993a7c43daab84b1444169f90d30ec1344002ebc19f2fbd8150c38e0c477a355,64fa2ae0446ca0d5e60e4dde09641592d89832493f5867b546c8988d7bb71d12,1,1.0,8.0,1168769,42,0.0
c8fc8ae88a0b674a8ad718ffad9cc39674d35adb8c792b8a4a6eae15dc2c4bc1,014d3488e6da05d2d7377f5dab698046517ce6f19cfd02e47bd34b6787e6f2b7,1,1.0,8.0,2385904,35,0.0
df8edc8585a2a28a58a782085e695dc72ea3d521383ad687afc0a76b91478dda,bdce4b2ea3f44cdc979f00480fd9251cedb940812eaf8911eda1c14ff4c445c8,4,1.0,3.0,803219,37,0.0
df8edc8585a2a28a58a782085e695dc72ea3d521383ad687afc0a76b91478dda,0f2c02efb450bbf55704dfbe422b225617412f0a976fad62bba77ef8f8cdf438,4,1.0,6.0,803219,37,0.0
df8edc8585a2a28a58a782085e695dc72ea3d521383ad687afc0a76b91478dda,2d6100824531aea157c423dcec0a9022383185193c825131375f5db32c7a88e1,4,1.0,2.0,803219,37,0.0
df8edc8585a2a28a58a782085e695dc72ea3d521383ad687afc0a76b91478dda,e549332deb8434addf11baae448e7c298d4c3fa9b73547634b4aa46f60259f94,4,1.0,1.0,803219,37,0.0
7578960ad0aab9275c99b9f81178c78cc512f8237d87b35a4c2b075e121409a1,62ab483f5b1c36d013873baf945015ac76e1550c009cd03415798a4dd4becbd3,1,1.0,6.0,478886,11,0.0
4affdf9f478dc16593cdc24d5c420b85ede90a92b3b485a24b50a97c4f0708f2,a4577b76d55f83ed7eb27ac639a229872650cd61cbc9c90ab8c645ece34ba312,2,1.0,1.0,941155,39,0.0
4affdf9f478dc16593cdc24d5c420b85ede90a92b3b485a24b50a97c4f0708f2,bdce4b2ea3f44cdc979f00480fd9251cedb940812eaf8911eda1c14ff4c445c8,2,1.0,3.0,941155,39,0.0
76fffa3c29e912ebf454d4930fc0c6330e45500a0a3fa3949d208cc00b51ddff,62ab483f5b1c36d013873baf945015ac76e1550c009cd03415798a4dd4becbd3,1,1.0,6.0,1594158,14,0.0
53c1cf8f769b194c82126cc990bb1398f07cd48d017fbd53a19a0325048fea7d,a7d6bb944b150f2b118d688d7af68fdbaa25fa6a81bd3f714a4dddda9fae576c,1,1.0,10.0,771009,15,0.0
a533675f5998908a711034c2ccf35378b6f8bb9b14192e84aa0762896cb07185,81e83a8f739d54a1d9a4c70767134f7d0ea0e7c2f757295fbd4816b306fa7c7c,1,1.0,3.0,160044,14,0.0
f9d86a3290dc104deaccc861c7f366211d1aee1c87b8dd4e1c11067d39456f4f,9cac8822f69b0d176170790d6b2e970e5d9dac68e928ad4a3e00fbc0c5fdb66d,8,1.0,9.0,3189846,91,0.0
f9d86a3290dc104deaccc861c7f366211d1aee1c87b8dd4e1c11067d39456f4f,a18440f039e110d5a7e5afdb4d61f686a7954d2e241218551abbaf61b1227488,8,1.0,10.0,3189846,91,0.0
f9d86a3290dc104deaccc861c7f366211d1aee1c87b8dd4e1c11067d39456f4f,6b3e065b4ef1eb72e3b94b324f5843227e0716c4054be790701df23dfa9da022,8,1.0,10.0,3189846,91,0.0
f9d86a3290dc104deaccc861c7f366211d1aee1c87b8dd4e1c11067d39456f4f,cc87556cc86253e9320a001057c7e68949eda208e9efddc09da09713d58696c1,8,1.0,10.0,3189846,91,0.0
f9d86a3290dc104deaccc861c7f366211d1aee1c87b8dd4e1c11067d39456f4f,6ed3833f3e4ec8d3a327f50e76c4dfe5213cbfc501a5a526c35852a3d9ad5941,8,1.0,10.0,3189846,91,0.0
f9d86a3290dc104deaccc861c7f366211d1aee1c87b8dd4e1c11067d39456f4f,73fcfa313757f8131000f8f2a0cb4b6785f51cfdcab3eb8af1ded36f6133c230,8,1.0,9.0,3189846,91,0.0
f9d86a3290dc104deaccc861c7f366211d1aee1c87b8dd4e1c11067d39456f4f,578a99415768b11e518781435e6714dface689557997791717ddd1e432ea5e3c,8,1.0,10.0,3189846,91,0.0
f9d86a3290dc104deaccc861c7f366211d1aee1c87b8dd4e1c11067d39456f4f,578a99415768b11e518781435e6714dface689557997791717ddd1e432ea5e3c,8,1.0,10.0,3189846,91,0.0
d78d955fa1ba759a1c9a4feaa41abbd1f4b37ed73331fc8297ba239bbc6d1574,c96186fe0dc1ce98f0a898982da728bc0076c6db7e64e48a2f261f4826d1fafe,1,1.0,9.0,738197,25,0.0
cc0c3fed8735af933113b58ddebc9af5d716628b5b0e3c621aca09d10161feba,47b320e27d1bdb7c95fa4ad47f945cf419926138ce7f99213099ff1301b99a39,3,1.0,5.0,8271649,199,0.0
cc0c3fed8735af933113b58ddebc9af5d716628b5b0e3c621aca09d10161feba,0bd82cb2a00c5bca05dfc9ccc1390b34d0948d4b9f57f4e644237b41a352782d,3,1.0,5.0,8271649,199,0.0
cc0c3fed8735af933113b58ddebc9af5d716628b5b0e3c621aca09d10161feba,e3bc42908ab3034a9e79724bf42ea818eabc22a98813e19c94f87302fac429e7,3,1.0,6.0,8271649,199,0.0
b832d719f72f511a469ebd94698118c2f0560de0a05285d5cd107ba2983312a6,47b320e27d1bdb7c95fa4ad47f945cf419926138ce7f99213099ff1301b99a39,1,1.0,5.0,1148254,37,0.0
67fdef5cebb94b940e4008cef4871ed314326e39696a0ef688a7f12b2c699a5a,69400f8504996e747e76e530f198197e2e724dabc0296d7b8774bd4cdec44a31,2,1.0,9.0,3977191,107,0.0
67fdef5cebb94b940e4008cef4871ed314326e39696a0ef688a7f12b2c699a5a,6a583bde90571c68649277c015500bc93075479bce42d3dbbd056cfb3423daa0,2,1.0,7.0,3977191,107,0.0
437dd9dedc22a742c3de389d7411e00fd4f56cdcd7f1c11e994f398f020f6fba,eaf00226e0efe2e8ac1a3762933273915ce98d8e7cabb14e9b57986fa5b12310,1,1.0,6.0,1906405,26,2.0
720474f755f02b88bda38ea2a368c20f14fbf05e68e589045ff20773a75160ad,39ecae99d764cebebb9adb160879e0fe63c0b1cec1f46d554472f863a3a00a57,2,1.0,6.0,268199,13,1.0
720474f755f02b88bda38ea2a368c20f14fbf05e68e589045ff20773a75160ad,39ecae99d764cebebb9adb160879e0fe63c0b1cec1f46d554472f863a3a00a57,2,1.0,6.0,268199,13,1.0
a3456a23e97cbaacf0880ff7a7963489e37f457d1176db7a2a1a7faa375504e7,9a4b49504071582884921baa315db98bd7703580018b9ca40a26c60ba50abc54,1,1.0,10.0,637638,25,0.0
1085f30cd9cd892fac0d60f53349c9ccc6cadb111868a740dff1ad3330b6f8d5,f2ab22d242b31ef63ed9cda446e2edc440c81a0e1588534818b8e5f09ee873bc,1,1.0,7.0,209147,10,0.0
c88ce80f17c4b333a5887943adab348f822382533499db220258f00c572d266d,4a148c2f921d60b96b74f6f954b099495c673abeb0336645cf256f7bd1e9f8c2,1,1.0,7.0,145919,11,0.0
c670f1350980702f1ce93d550949f733606cd12ee4d3a43449d9774c0e408d44,fd69b2fe3ea866c0aa8097a2ebb003d5f03be7349483a643e850085cf15ab718,1,1.0,5.0,12777,4,0.0
984aeee3aad4128c8747001333e0b6a17e9d110e727c0ae962f4cf7c2a460368,afc77fdc9b1679932d49c2c9645586ff6ca4638ecec3ea5c48560d2ffe3580f6,1,0.0,6.0,161562,5,1.0
8d4c514b79c80e78d2e45e4ccebf1a133c656102839b68cefc018eb7c6d8b091,122c4385d55f11c8aa6d0dcb2f4188eff61405482eacd61a7e7b5762b0ea28ab,1,1.0,2.0,118700,10,1.0
30a500f65150c21bf03e8e3ee8a740c9eddca3882ea27396a44fd16126aff964,3342b0e882e4d8e945b1a581c67e777a7acd387a770472ef4564be84df5002ee,1,1.0,9.0,774359,15,0.0
87ea3b13449f2e6422ad4cb785b9b2b70d3bcaa3ed911df8a568a3101e8d0f3a,0f05a64dcdc8b641f50b0bc727361d6e522865b9ff08c3b04a9b7fa0e669956a,1,1.0,6.0,1351145,17,1.0
a315c2bb211a9a5f3a52a62a359fa33c186c657ae5536a2ad8fddb82ef1891bf,52e6f04f3560c5f8d12b2990bbd8e4c38401ed9c63ca5326e21eb5ab24a995a0,1,1.0,2.0,733760,19,1.0
c237658aaab73ef4c4ebbdf9a0da1fb79f619da13ee07827f6b6de99d310b11a,6f456eac528ebe8299c4b01b893f89312a60254b05fbf4cfa3f4c75b055a8b8b,1,1.0,8.0,664979,8,0.0
ae91c2f8a2498faa625ce62fa89629d4798eb516f56a310eb9ea7cef8314d8cc,860ea84120a40fed025bc27178c3499d3a7941ca5a6534d1e4e0b801c33d56c2,1,1.0,8.0,1967330,11,1.0
27b1199f811e6156191a55aa867e496a659141c3a86aae7d5d45c363df883b28,3f32cc9e241aacdd00aca441183132610f8a2d55c3d8132ec920465198fd8fb1,1,1.0,10.0,92301,3,0.0
a9dea6a68554f4c119a29435ccfa1ccfcb0ccf9a77f009f140e23ba361cae93d,87351dcfd979ed56d9c356c6a393d7f0688e1825f2191fbeb0907495f348fdec,1,0.0,9.0,0,1,0.0
5aa365e3278ccafc3224edd256d5ace8080433d685147d31e27524b2c23a5e75,fb04f2e3ac43dd85543049425c52349edaa73b98bad155aa2e8581e224a20c2b,1,1.0,7.0,396500,8,0.0
ae59a2b7661631e592991d7b2496b7f912f6ed268185e98e3b1847d8bafd567f,52a27241e700bc9f5e3806a7a3632b693d4a17164ded1998fd93de6b4b37c5b3,1,1.0,8.0,764578,18,0.0
57b6bdb442d040ba4a17a2af69798bc9cb58536541e55ce180d98f7b6c027f6f,78f3172fe790f7cc8f6533e56f667f59d19afbb2423b50abdb029d3d6802ccd2,2,1.0,6.0,261952,25,0.0
57b6bdb442d040ba4a17a2af69798bc9cb58536541e55ce180d98f7b6c027f6f,d727192e420aa2bdfdd30bd98b70d4f7a92564c81ce5d6645eeacd0f0efed6fd,2,1.0,8.0,261952,25,0.0
23eb9174fb637913308580eca5e9a97d29bd254a58b78a546b101f8bada68624,cb66fe30ac85b7e113f84b8fa6f06fc0211392dda42a8e911bb635005af1d842,1,1.0,7.0,1177164,31,0.0
23e50ace0d7351c8564f896cae8a0d3af87247a91a0d68cb493968ac1555ff7a,7d3855ddcfca422044bd11cf910cc14b13592f75b57724ebaf894baaa9cb11f1,1,1.0,6.0,86102,7,0.0
80a1c2edf4eda9fbdc624a959477921400cb2a1aebd53788e783030482ff339d,7d3855ddcfca422044bd11cf910cc14b13592f75b57724ebaf894baaa9cb11f1,1,1.0,6.0,38544,4,0.0
b089fef9c3483291fcadfee1a32eb46951a6e0fc93abaadbab40d8b39f902ba7,34a792a51c66348ba6a1130c85fe8cb32c17214e591dc1a3431485b07752f21c,4,1.0,5.0,323230,41,0.0
b089fef9c3483291fcadfee1a32eb46951a6e0fc93abaadbab40d8b39f902ba7,a872a84b7a8cf722700ad9f62911ee8698e28c183485f09e4db42862d6055b9f,4,1.0,2.0,323230,41,0.0
b089fef9c3483291fcadfee1a32eb46951a6e0fc93abaadbab40d8b39f902ba7,a872a84b7a8cf722700ad9f62911ee8698e28c183485f09e4db42862d6055b9f,4,1.0,2.0,323230,41,0.0
b089fef9c3483291fcadfee1a32eb46951a6e0fc93abaadbab40d8b39f902ba7,226fef066d89b0afce8ada9c5802731243ad255e6cfc060ac3599f36c334d991,4,1.0,2.0,323230,41,0.0
fb2a18167b5abc04e8d9e272a39f0cedbb8916b81a2178efeb17108b1574a396,a872a84b7a8cf722700ad9f62911ee8698e28c183485f09e4db42862d6055b9f,1,1.0,2.0,2348030,66,0.0
79bcc05f7cf365ce6838a917382a157cecd788664a9ffe28b3c37b7973f458e9,06d9ffde0f43aa4f5f1b17cfb6acfac59f46b25ef018e4efdcd859ae71775f04,1,1.0,10.0,250185,15,0.0
8a20d2cc953995e31e96ad82edbf3e6ac0acac12af66c2009e0f1bed6d84b0b3,8827c18f09cf878de38804994ed090552c0abf047bd1415e5eb3e6b981a72dff,2,1.0,5.0,4520188,24,0.0
8a20d2cc953995e31e96ad82edbf3e6ac0acac12af66c2009e0f1bed6d84b0b3,8827c18f09cf878de38804994ed090552c0abf047bd1415e5eb3e6b981a72dff,2,1.0,5.0,4520188,24,0.0
93c571f212a09bc7a7e471a9d4ae70c54a9b7d6ac64d9c34807e375e91b5af69,8827c18f09cf878de38804994ed090552c0abf047bd1415e5eb3e6b981a72dff,1,1.0,5.0,683896,9,0.0
95518ed5253dbc9d416ce91905578d45d549a74530eeeb8d476a88188b901d62,93803642a2c36f927462455280c5752d7f6fc5643a135b595041c64de037a96d,2,1.0,2.0,275244,8,0.0
95518ed5253dbc9d416ce91905578d45d549a74530eeeb8d476a88188b901d62,93803642a2c36f927462455280c5752d7f6fc5643a135b595041c64de037a96d,2,1.0,2.0,275244,8,0.0
28204cee92b7c8c49cef2b7426ff0a444456bd89aa995b8fd4b4e30a92cfada3,12db169815cb93aaeeb1d427d6c0eea62ba4961e43c4026bb21d94f43c548fef,1,1.0,8.0,138991,17,0.0
f955d0c725e856b92014553262b777cf7b7b617737f44ddf25f8d2ae0130dc79,12db169815cb93aaeeb1d427d6c0eea62ba4961e43c4026bb21d94f43c548fef,1,1.0,8.0,518114,12,0.0
bfc1855be1188ddd83b752db9f99b3c5c6601a0f73fd76806d28006b470e6f71,e8be3a98bc723521eb313a4cf4166fdb59086a8d10d284862354511724ecb7c0,1,1.0,10.0,2209999,25,0.0
ccca9e88abb9b7f79a63070fa7ced8e739be2a72a8ff4017248f7f9a71f7def0,c4b41a4f5bc24d71e1706ca2bb3cffe039bc0dfba318fbf88608cefc17ef3ea9,1,1.0,8.0,537290,28,0.0
7ded41822807002ff0fbfb9bfc95825ca2828b493a12b9eca7216bb062ddba71,c4b41a4f5bc24d71e1706ca2bb3cffe039bc0dfba318fbf88608cefc17ef3ea9,1,1.0,8.0,43926,5,0.0
27251bd083301996178b03af73640d47c15737dd06e10aae8b703f5373079571,2f685075ddead091f4d285a3f376d5808d765cff0512a4ee023069214a4d1e32,2,1.0,7.0,418335,32,0.0
27251bd083301996178b03af73640d47c15737dd06e10aae8b703f5373079571,c4b41a4f5bc24d71e1706ca2bb3cffe039bc0dfba318fbf88608cefc17ef3ea9,2,1.0,8.0,418335,32,0.0
beb72f21aba0467f3725133fbdf1198e3dea57566b5d796f03d834f0e8c71968,c4b41a4f5bc24d71e1706ca2bb3cffe039bc0dfba318fbf88608cefc17ef3ea9,1,1.0,8.0,370661,19,0.0
d0abd886c94456b852833bd344835aa921a06c98e19b9e8fd690512fd1e49c0b,65b8ad2e36a59c49f7010884e24d543bcb6c09835bad602b2c80983678c2cf2b,2,1.0,3.0,2444287,80,2.0
d0abd886c94456b852833bd344835aa921a06c98e19b9e8fd690512fd1e49c0b,0c7c0556f15ff24b8cfc4440b02f1ad544c1431fc060e4e43b69b5e6640cb55c,2,1.0,3.0,2444287,80,2.0
4de2b3a1b26efe3b466273abb2a1ecc9e45b458d9407ec7979b9dcce2a7b13a9,aeed20a6f70e699adb8adc053a20f5de5a80e2cc2d8d3ab369bcde9a97578700,1,0.0,9.0,5098197,31,1.0
cfb9ee58339b19a0389dee695fec0be1773c21c4281eb500b5e3369e35a1b9a2,aeed20a6f70e699adb8adc053a20f5de5a80e2cc2d8d3ab369bcde9a97578700,1,1.0,9.0,23329,3,0.0
4714ab0a48362ee55c354f35dc1c4f26a45ab184a023dae7da146699e8c63156,dfa7046285518400cf937f638a44869d1b87ad9442960a62fb61709aa60fccdd,1,1.0,9.0,902264,18,0.0
e405c5e83a13eab22d5fcb2efdc27580992203556de73b85ca465ec9d477e1b1,e357ec166987acc79f9f8f032bc047ae024ba4645732d0922ddd7ba4d913a199,2,1.0,7.0,2959066,28,3.0
e405c5e83a13eab22d5fcb2efdc27580992203556de73b85ca465ec9d477e1b1,e357ec166987acc79f9f8f032bc047ae024ba4645732d0922ddd7ba4d913a199,2,1.0,7.0,2959066,28,3.0
a7e33b018f60e753c1c7b741251a2697860b4d98cec6a2b5a69bcef76130bab2,f986b56abe5adf0bddf20ed7ebde641b4fca2e481522dbb792a4fb8a7b7d6a83,2,1.0,1.0,568381,28,0.0
a7e33b018f60e753c1c7b741251a2697860b4d98cec6a2b5a69bcef76130bab2,a4e9a93c70acc49a3b795b6537d9f94dcfb5bbcd5461c38a3916a64da8351ebb,2,1.0,1.0,568381,28,0.0
07221e211ea1705be809d67a7733d14533edcb45a1cb8c6118449e9c98ed7c8e,75cdbaf450e5e0a9613355b5f0c65e0270a23fd4ce2f3437a1564177586a6491,1,1.0,8.0,621349,15,0.0
d1700f3508cc7d1cb297e0b8f81335f767158741ce19283bfb66b26840da70c3,51236dcf820bb7fb839d65f20d90f805eef5ff80dd08bc438b9fa83dd0014f73,1,1.0,5.0,144275,14,0.0
992ea7cd278356efe3a7f0b293ee4901a58cbda46428d3fa3d6473e59016815b,a5b6e6527d87ff0279c7e832615e479d44aefc46cb5e27b3b1900472a68fdfa7,1,1.0,8.0,660777,5,0.0
8eb727e925d887edc5c45be4e500206d5576d40cd6e2f0d1891cd096af1ee444,512e9f59469cbdbefed6a19e477f75ce554aea5ededfbb4df9f5b617d00a0460,1,1.0,7.0,578802,18,0.0
aecd481111dc4209dd5621fc7b841dc5a08196e7efaf1e229d3d1ae5d5d14a70,cab6463ffe96dfba3edd1afd779fad8729abc1526e331ec98dc1ac7c05e4c609,1,1.0,4.0,145490,5,0.0
43a85feca6a7574278867e2b2bfd7f8f480479748208ea3d517d1ed9a5a3e3e2,580f7060018fb840f106bca8ce8bc3a9cfc2a2f5d1d6f86cc7cc426149c4a278,2,1.0,10.0,898028,66,0.0
43a85feca6a7574278867e2b2bfd7f8f480479748208ea3d517d1ed9a5a3e3e2,580f7060018fb840f106bca8ce8bc3a9cfc2a2f5d1d6f86cc7cc426149c4a278,2,1.0,10.0,898028,66,0.0
b473647df6abaca40562e06eba295cd048443c95f159113c80ea68d124996ba6,6cf42a933176275c09281ecb259de956c47debb0a64b9aac7ac1c9e7f7c49b5a,1,1.0,6.0,873294,23,1.0
429be9e6f471d356f162d7b17a318a234cef05dd87f7bdeba8c166dfc34086b0,02f5b96fa636daa7f725574ecc3995d8325431e8f524529d6a010b1778265b5a,1,1.0,8.0,33639,3,0.0
1177d2bf694a6cbda2f84e01db4e41c5e7a1f26c8eb43655c5a153364de5b9f0,33173c24e9c7c7d42272f8fd77703eed617e4babb5cf9d1ffc664c9c056f029c,1,1.0,8.0,82633,10,0.0
8ad0da1ef3ba24329250c475ccfee4b6112c618931945711b564a6cde0d2e33d,a0c6a90ea28acbbaffff5055e7dc6433a717e8e92b98c70fd7c9a21ea33eeb24,1,1.0,9.0,24617,4,0.0
ed9be2335604fa381b624cefd7cd4c693e16cfe627266cc88975f6c3e8e991d2,f8c2536356a1e15c5c28b71df870a3584ac85d83a0a2d63fbdef98060ebe2858,2,1.0,10.0,3654928,89,0.0
ed9be2335604fa381b624cefd7cd4c693e16cfe627266cc88975f6c3e8e991d2,69e6b39314173fa39e4b2e7cec2b357cbcd6e1f11fe98ee1f7842df2ed704c6e,2,1.0,10.0,3654928,89,0.0
440a5294a4588b0205e592ed0d3317646306f841f817274fbd930300a7c8c91c,17ecddf1d7e070f2f80e75570d61cbf12fb13b8abceb8df9823ad086d68f4385,2,1.0,6.0,644948,52,0.0
440a5294a4588b0205e592ed0d3317646306f841f817274fbd930300a7c8c91c,1fd3e3497d96e7e37f401a7b3f3250f1bc50bd8c948ce070f9eae435ff3b9223,2,1.0,6.0,644948,52,0.0
b0364e495c69c4e4270607bb87e9678f87c4647333cb8f515d7460be937d69bb,094a6a5675be91bd263513db8b87b6c39b7feae6e626a2f723a47f102fe181f4,4,1.0,8.0,2255556,98,0.0
b0364e495c69c4e4270607bb87e9678f87c4647333cb8f515d7460be937d69bb,eea55c8771a40fdf660a37f06f27ea37ddb86d80133784ecfea891afab645e77,4,1.0,8.0,2255556,98,0.0
b0364e495c69c4e4270607bb87e9678f87c4647333cb8f515d7460be937d69bb,b785be162a6fed0ff51571ae66ee06f62146df7029835171f4b0b7f3ddc22750,4,1.0,7.0,2255556,98,0.0
b0364e495c69c4e4270607bb87e9678f87c4647333cb8f515d7460be937d69bb,440ce37bb25c4b5e43343fdfb8af5c5e1a0f4dd2b30ed31856fc479888d6208a,4,1.0,3.0,2255556,98,0.0
32be2b9514fca4267e6f34c8a6cec268e8ba492d66d9f5a132ff63e263d8da93,d1073503a26a4e68cb4623f0f4064e20f898c5331198ce2eb6144df666805638,1,1.0,7.0,828888,38,0.0
0cbe1d0763a2349beb6a2a5297da0679327158355a7d0b7b2e654a1b47a74b90,862c9343b326662d384f379a85ed30cc9a2e07276231d625ce7681c68e33c270,1,1.0,8.0,496117,32,0.0
3ce248a3e90640e3b9d880065481557a8bea5b81a7842958711a4b24f8e45a23,4afebac8e0d70c1b2adc00115097d1dc638244952bc105b9fc33b4ce9e42e0a6,4,1.0,1.0,2652986,69,1.0
3ce248a3e90640e3b9d880065481557a8bea5b81a7842958711a4b24f8e45a23,9349becb2e0a6b9aea7be06879cab5b82e53ad6a3968fd86c792dfa4b10a0201,4,1.0,2.0,2652986,69,1.0
3ce248a3e90640e3b9d880065481557a8bea5b81a7842958711a4b24f8e45a23,10516145dbe4ff73ca09e82c9de9b2bfb5ceebdeb7a15c63595ef1af1b95a085,4,1.0,2.0,2652986,69,1.0
3ce248a3e90640e3b9d880065481557a8bea5b81a7842958711a4b24f8e45a23,fa1b648adaf7a3c7a71a0effbeedd4bf78b5f7bcccd549789266b0afece2b16b,4,1.0,1.0,2652986,69,1.0
0563a2a57be1b94fb19e2d836d31700c69c9fcbc17e27ba6e1efa3fe35de7eeb,cef9d961b5639a7f415733e6cd07a7640dbb1920ef743dd7d854714fb97c69ad,1,1.0,1.0,1281897,55,0.0
e5c9a2cf7d4b675dbee7de19638f85063106b8515d6e230e0664f1d6e45e5d0f,e5e43f5fb5b7e3ded2e0813bd699ed52907e2daea3c0edac11ef22878c108eed,1,1.0,8.0,1048597,18,0.0
acfb506e4edb56cea89fb09a4a1321186689efedb11162c64e0450f88a6240d7,e5e43f5fb5b7e3ded2e0813bd699ed52907e2daea3c0edac11ef22878c108eed,1,1.0,8.0,625492,13,0.0
ea73308a8df9fbfd2368d8df636d44180102618e0d637a86c20ef3226f0db1d5,34a792a51c66348ba6a1130c85fe8cb32c17214e591dc1a3431485b07752f21c,1,1.0,5.0,716273,11,0.0
103154ac0b92600aea6a415072eb77beae8095e5a74ff14d70497d5797d88d60,981325101a8ed7cd2d6d99a4731f57356cc065bb17aecaf400d2d0772bc0678a,2,1.0,8.0,1623784,63,0.0
103154ac0b92600aea6a415072eb77beae8095e5a74ff14d70497d5797d88d60,981325101a8ed7cd2d6d99a4731f57356cc065bb17aecaf400d2d0772bc0678a,2,1.0,8.0,1623784,63,0.0
2bff6af878e83fc6bcb9bb513ef1f2889d133ddf9d9fb156e7b5c052ac40de75,ee50dbc1fc9d508df42d6d1d267d094ac841d0dd29e64058a2b7f6b510467322,1,1.0,9.0,808741,9,0.0
c6e93fdda12c33c2604ac9bdc3ec1dd548e90007f5c17a7125d11200d6545725,f29fbc934f4c2340801052adc981a3ad2703d02b59a5c34b51372623025bb9d4,2,1.0,6.0,2272461,39,0.0
c6e93fdda12c33c2604ac9bdc3ec1dd548e90007f5c17a7125d11200d6545725,d06a68b2685fe35abf040badbe88a64d7feb1456c65851760f062ba299a67ae7,2,1.0,1.0,2272461,39,0.0
31031e355b7a04868810c29e3d3cc9e28c0ca06d541f3a6946eb6193cddda046,92917df7331399be12e25ad0552d55facedb892fa561e65a05623d5d5d0a23b9,5,1.0,2.0,3587889,63,0.0
31031e355b7a04868810c29e3d3cc9e28c0ca06d541f3a6946eb6193cddda046,4f3ed046bc2de2fbe7e4ac6cda082dd97f1045833a21a31af6f9ba6327fd76a5,5,1.0,4.0,3587889,63,0.0
31031e355b7a04868810c29e3d3cc9e28c0ca06d541f3a6946eb6193cddda046,1f40b2ad01d1ab3a76b73c1e503101c6e917cc96c31dd3c1e6ef0c9c33f7b79b,5,1.0,4.0,3587889,63,0.0
31031e355b7a04868810c29e3d3cc9e28c0ca06d541f3a6946eb6193cddda046,1f40b2ad01d1ab3a76b73c1e503101c6e917cc96c31dd3c1e6ef0c9c33f7b79b,5,1.0,4.0,3587889,63,0.0
31031e355b7a04868810c29e3d3cc9e28c0ca06d541f3a6946eb6193cddda046,92917df7331399be12e25ad0552d55facedb892fa561e65a05623d5d5d0a23b9,5,1.0,2.0,3587889,63,0.0
4ad6fad981558e9d01288bad306fa4ea7f67b20b5053dea382822e759a416c1b,7d0fbab7017b74d9a6244afce7afe9ffa726117576a97d077f89ecd72b11a8d7,1,1.0,7.0,734335,29,0.0
0b90b6a2f2f540a86ede2a4ffed512495d108ffef25dd1ce4f762e481007f856,4f15da53b2afaa53b793416c6695f5275366d1ea8db6eb13018f46a689a892d7,1,1.0,9.0,1205372,21,0.0
e503aefcdc08d6b96cb20caff577d73fd64ccda10e8978ef78d2c9e87270abbd,ed8ba05a3ba286b1a7c32cd72b6ea5162e63fafeeab0430c48dc33458c5088f8,1,1.0,10.0,1499919,15,0.0
827a7d3b9b71d0bf92e016211f2e9abfd5d97db55468c0d2538129eaaf77bbf9,4a7c202d79b611ada751ebfdf484f417281fda6cf6e4ee4315bce5c310be6e64,1,1.0,9.0,2246340,41,0.0
46f9e98f849f7e52f533bfe3ef92920bf58e5917b433b374250f505f1548b065,f7423c554ed311ee31a5452909d95eedbc14ece911837657e79f2c7d842ba5d2,2,1.0,9.0,568674,21,0.0
46f9e98f849f7e52f533bfe3ef92920bf58e5917b433b374250f505f1548b065,4a7c202d79b611ada751ebfdf484f417281fda6cf6e4ee4315bce5c310be6e64,2,1.0,9.0,568674,21,0.0
752ad58bb9256c0af3e74bf992f71e1e2b1a0a332c88e2107804fb6a358f0d95,f9471b3bf3be87d442ce65c264d0ea99fd0461ae27792c63532a12b7527c78ec,1,1.0,9.0,761158,29,0.0
a4eb84551f98dd2419c9b0537cfabe35cdf4b9421358ee73e97c847e03e8af29,e436511f961b5a9af55f574ea03206dbb4639f5c0278d0e37507659d776de24e,3,1.0,3.0,180733,9,0.0
a4eb84551f98dd2419c9b0537cfabe35cdf4b9421358ee73e97c847e03e8af29,8bb73fee0cfd6d45e13dd192e79b5e12699711087d9826e39416cce3c487b35e,3,1.0,2.0,180733,9,0.0
a4eb84551f98dd2419c9b0537cfabe35cdf4b9421358ee73e97c847e03e8af29,74ffba2b8a8c1ca5a2467410d164ec24c02114dbc5a2bcc708e2dcb75806f5d9,3,1.0,4.0,180733,9,0.0
5e1f3749ea98f825df8368647151eed7c3171eac8d3a8642b0dc41fcb04c1109,d59076ad315109287c741129b395dcb4323eeaef8f9fd931396827cfd16a3df7,2,1.0,10.0,1350279,38,1.0
5e1f3749ea98f825df8368647151eed7c3171eac8d3a8642b0dc41fcb04c1109,d59076ad315109287c741129b395dcb4323eeaef8f9fd931396827cfd16a3df7,2,1.0,10.0,1350279,38,1.0
beb71b9e90cf043af70b00380900773752f92a4080523447590674f2f755eb81,f6ec1b20eac2a3f3cfc580d14ae5a47ca80642d0545dc91ea10c184f13efc683,1,1.0,3.0,2033196,16,0.0
85e1d061a95ab3d0ab36912f6a68cadef87dd229f909f305d27cb6215c73b337,196accc64448573ab97d18067dbd30d6a6c4839c32f77233d001b75d3e6c0570,1,0.0,9.0,672892,23,1.0
e5efdabecfdde97e5bd123ffc562f5871b1e349d2020aa9a1a3f47adef866d3d,f700c827be033e53fd24484cf2c3ff3827a0cbc7728dbe8378fc5dd65fcae8bd,1,1.0,6.0,448480,5,0.0
c39e5856d4ff5b13f68495d34ecbebc57fba87d9949caaf2053a9a04eb16f47f,67c9c006eff1be394e992acc3b495e9e5936fadb5f561bf803310e45d73a802e,2,1.0,8.0,110065,9,0.0
c39e5856d4ff5b13f68495d34ecbebc57fba87d9949caaf2053a9a04eb16f47f,67c9c006eff1be394e992acc3b495e9e5936fadb5f561bf803310e45d73a802e,2,1.0,8.0,110065,9,0.0
49a7cfa3674053a669c0e53a9667ab4738fe9221657d49e24d53b465a48b266e,a98c96174cbc66e262dab5b4843ac19f00a89b022ba61e8f1534c7fbd0386ae5,2,1.0,8.0,2926398,86,0.0
49a7cfa3674053a669c0e53a9667ab4738fe9221657d49e24d53b465a48b266e,a98c96174cbc66e262dab5b4843ac19f00a89b022ba61e8f1534c7fbd0386ae5,2,1.0,8.0,2926398,86,0.0
52c58aa6aa0dee4d0f2af7d1c83a6d5ae88ef56290bf7157b4fcf8b1c0e5e39e,22ee466c48a645e1ae6c9559fb13e9c15460449a7bd24425c202740c1b5fddc8,2,1.0,7.0,246323,22,0.0
52c58aa6aa0dee4d0f2af7d1c83a6d5ae88ef56290bf7157b4fcf8b1c0e5e39e,22ee466c48a645e1ae6c9559fb13e9c15460449a7bd24425c202740c1b5fddc8,2,1.0,7.0,246323,22,0.0
4d92c926b158aec2eb327d3365ad4e8b3891636d6f716641406e4fdbd328665e,4a148c2f921d60b96b74f6f954b099495c673abeb0336645cf256f7bd1e9f8c2,1,1.0,7.0,435095,7,0.0
f7c8fceccc2df2221e286a50f7dbe039be0276eec38acdc32ba0c2a844891041,a31a817eb62c3010b286f07c07865b5d194261cd627e4bbcec0b919935fd2b4b,1,1.0,6.0,4243076,91,0.0
dc1d9604ea3b4fd304b3eede34dd4f2fab9df56a093c3d51a096d8b95c6848d9,cffddfbba53e306042740e4698dc72826049a5c4fcd23255622170510451735a,1,1.0,3.0,2398968,45,6.0
58f30e6d0067d45fb124a1c874085eebc306203475f52059753a882669d2ebba,cffddfbba53e306042740e4698dc72826049a5c4fcd23255622170510451735a,1,1.0,3.0,182240,12,1.0
58cbef6ad2eec2187798db6223df3994d6290ce9dc39350ec0df0c846e108086,51e5cb7733f3b0491338eacac328e1c76171b66b2597cfc8c0478b1aaebd448b,1,1.0,5.0,1119441,7,0.0
0ba7a1b403287aea6a46fb0181cfa471dcf196788388c26d4c274a1d40837ac6,3ced86d4998d5f6238e8833590485d39e8e8d53eb47147af782c72d150678e31,1,1.0,7.0,990318,13,0.0
fc2c1f6c3aca4670c4dbe2192909ee149fe871398605c011a22872a9241adb75,e2d5edf22a828a5c59a58f029ec66e0c440381a7b3722bdba03136d45fd39089,1,1.0,7.0,1941175,12,0.0
6c6ee4a8cc59d190444ab76610167874c9cc25e34227745ffbd03b1b093974ed,e2d5edf22a828a5c59a58f029ec66e0c440381a7b3722bdba03136d45fd39089,1,1.0,7.0,157576,18,0.0
81d4815314561e8c357762a2d8c5a6ef8f3ececcf42d121b11403ae4a31fcf0a,e2d5edf22a828a5c59a58f029ec66e0c440381a7b3722bdba03136d45fd39089,1,1.0,7.0,214235,11,1.0
bd0ae879c75df15234ce5a1556696e98eb2192f917bec0e7a47dd0cdc9d65c15,ae2e58abcab9a71eacc0a050b7889f366642e52b59c0ae3df3d770f2386c9b89,2,1.0,2.0,22680,5,0.0
bd0ae879c75df15234ce5a1556696e98eb2192f917bec0e7a47dd0cdc9d65c15,ae2e58abcab9a71eacc0a050b7889f366642e52b59c0ae3df3d770f2386c9b89,2,1.0,2.0,22680,5,0.0
1b747add429867b1e9ccf01306431a203da700ca2ca833031981c510d2f8b8ad,69f3b44796dee203bc2502d81a9c4bd60669032abd9641ab45f638991f2b791b,1,1.0,4.0,14379,3,0.0
2298625a79495eb036cd4ddee767e16299147f9e8c5d41c8cd6d3868dd7b506e,ce378fbf90a8f9df58bd67d5195cf03303176b9625cd9963e7f46f9fdf25bc93,2,1.0,5.0,1117241,28,0.0
2298625a79495eb036cd4ddee767e16299147f9e8c5d41c8cd6d3868dd7b506e,7e4b4434739d83e71ca9f901e1b8557b6862e6ae9640f5c61cd5bf9276b99a05,2,1.0,4.0,1117241,28,0.0
b0b6217dafe2415626bd910750119d9f3889ea14975fec32ef720520bd02367c,f3a0ae96adff0260fe922fb848a045908426fbf210c59d9baacd4e5edc69bb2f,2,1.0,3.0,1484069,72,1.0
b0b6217dafe2415626bd910750119d9f3889ea14975fec32ef720520bd02367c,b96fc1ea177de81ae72cf58331e31ee11006fb2e2f67bfd16f406b3eb85286f6,2,1.0,3.0,1484069,72,1.0
bd96813b5ee62826aec6264fb0c8bb9d04396b7f3832dd0cdb6e5319963f1a10,f2b780bb0b272ce07b73cb5ded35d9f40eecebfe82f2046ce0075cd1b1bb1554,1,1.0,10.0,360222,15,0.0
7cb1cee533b83eb59bbf09079c80d6b0713664e290e461418d86297a3bb16d9b,58e6ca785d4e2af324f1958e4ac3c7ba22c0bf879d670d5a4a11899efe081c9c,1,1.0,9.0,35075,6,0.0
b70db56dbacf5f586ef99ff8e927b04b13981fa39dfce8a8df8729e2b42d5963,58e6ca785d4e2af324f1958e4ac3c7ba22c0bf879d670d5a4a11899efe081c9c,1,1.0,9.0,555564,24,0.0
298182713dbb53fb8b921189cb4c0f192f303b8450f101a677c81afeeda15271,3dc20382409ecc666ce693d05d25cd30d8e69f88c2dd27c4bfee2fc9bf669e7f,3,0.0,1.0,1896755,85,9.0
298182713dbb53fb8b921189cb4c0f192f303b8450f101a677c81afeeda15271,89de020ffec180863b0434d856c761d106c6134efc959a0a8ad54a98dadb4fbc,3,0.0,1.0,1896755,85,9.0
298182713dbb53fb8b921189cb4c0f192f303b8450f101a677c81afeeda15271,1712cfc57c55f9074fd86e64195b0703e352ba955368afcbae3c46a8ff61a231,3,1.0,2.0,1896755,85,9.0
5b4b08e29dac4d89c199ae5c86cc3aceb0ef9b21c5ff2b4e4df01452ffed46ca,21e28c388fff4789d3c733d1dcfdba5122a30149792b277ee38213fa93e9d496,3,0.0,3.0,295584,19,2.0
5b4b08e29dac4d89c199ae5c86cc3aceb0ef9b21c5ff2b4e4df01452ffed46ca,3dc20382409ecc666ce693d05d25cd30d8e69f88c2dd27c4bfee2fc9bf669e7f,3,0.0,1.0,295584,19,2.0
5b4b08e29dac4d89c199ae5c86cc3aceb0ef9b21c5ff2b4e4df01452ffed46ca,89de020ffec180863b0434d856c761d106c6134efc959a0a8ad54a98dadb4fbc,3,0.0,1.0,295584,19,2.0
956637ad6653e0bf9aa854262fe7860332472567523e839cedb215a39140dce5,3dc20382409ecc666ce693d05d25cd30d8e69f88c2dd27c4bfee2fc9bf669e7f,3,0.0,1.0,1088067,35,2.0
956637ad6653e0bf9aa854262fe7860332472567523e839cedb215a39140dce5,21e28c388fff4789d3c733d1dcfdba5122a30149792b277ee38213fa93e9d496,3,0.0,3.0,1088067,35,2.0
956637ad6653e0bf9aa854262fe7860332472567523e839cedb215a39140dce5,89de020ffec180863b0434d856c761d106c6134efc959a0a8ad54a98dadb4fbc,3,1.0,1.0,1088067,35,2.0
96118585a71b10e1827620720b48cde2b78cce0ce942f43ca807ab635f296fd7,685aea7888f4006ca4912effa8896acf536a304fdf8493bd132c53fb6fb6a857,1,1.0,5.0,449363,10,1.0
27e83ccd3b555934711f38d788dab31d72e7ae6a84c973e8fe52291a277dae7a,7d5f1e164c4f85e72e06fac22597a318e520f9e9040c3af6c7bd3a7bee7432a4,1,1.0,8.0,1043542,26,1.0
be932dd4d67366fd49315e7b2dba9fbf679fccec29af09fe81be5423c7545314,67c9c006eff1be394e992acc3b495e9e5936fadb5f561bf803310e45d73a802e,1,0.0,8.0,1096593,34,7.0
8b9b9346a19d7d91c36b7d59cc700f88832694b888cd90ff4d08add606c981c2,dedaa6a710d506116c9912ea34c1e7629f4eae48d4b6b19fbb98fdbe16ce1cba,2,1.0,6.0,1542945,59,0.0
8b9b9346a19d7d91c36b7d59cc700f88832694b888cd90ff4d08add606c981c2,55541a9241e2bca6b6bf6316adb9e4ba5131463b8d6cab353d507c3a70510584,2,1.0,6.0,1542945,59,0.0
c84c7310406f1dc88feecadca8a69d2e4b7de6812fd56bcf1f912951b48026b4,a0c6a90ea28acbbaffff5055e7dc6433a717e8e92b98c70fd7c9a21ea33eeb24,4,0.0,9.0,2131220,113,1.0
c84c7310406f1dc88feecadca8a69d2e4b7de6812fd56bcf1f912951b48026b4,e224093adce0b6812f316d68d93edf65108754cf34f17185d82635286f241095,4,1.0,8.0,2131220,113,1.0
c84c7310406f1dc88feecadca8a69d2e4b7de6812fd56bcf1f912951b48026b4,67fdb1fff173258676c5384221994d257320ed0f0d009531df97bd9b68343bba,4,1.0,6.0,2131220,113,1.0
c84c7310406f1dc88feecadca8a69d2e4b7de6812fd56bcf1f912951b48026b4,85d743d2d85bcccdf531517dd2d7d803f155fff8a02f75751ff038a7bcb1de89,4,1.0,6.0,2131220,113,1.0
dee32b9af5da5889f9a9aab951b1f4e59efa236af475cee6c6832beee48a5608,7f5626cf0780cb6be28edd5b99cdaed4e65badb2166e729e80457f5d4b22a6fb,1,1.0,7.0,98176,7,0.0
79d24ca8f176249912e952f4a4cc367d4ce3518b85067837b769ffb3aa2d1cad,b3da06817f153c805dde578caf3a05a283eb41c6ce8e2d63501a5b68c87a1125,1,1.0,9.0,299987,7,0.0
4f9f25dcbf0885724ca1642beee00300f8fe78bc62c231e284818c4ece66d41a,044b106643854c8015ee8c5164bda88d5472bd6ed52daac185a2befcedd2db9c,2,1.0,2.0,1357126,66,0.0
4f9f25dcbf0885724ca1642beee00300f8fe78bc62c231e284818c4ece66d41a,044b106643854c8015ee8c5164bda88d5472bd6ed52daac185a2befcedd2db9c,2,1.0,2.0,1357126,66,0.0
1fa765d7c1e196926d523fb5714877f6b97eacc67c6f88609b3831102edca7f4,1381629b03a7267f3ea99f52a6a01399d5c08c6cecf2563d4f9eafe9eba905f2,1,1.0,4.0,18380,3,0.0
61e629cf573e18be0e472dde8b3388aadd84746856937370b32261385b5b6010,1381629b03a7267f3ea99f52a6a01399d5c08c6cecf2563d4f9eafe9eba905f2,1,1.0,4.0,19740,3,0.0
496491676e7307ab7190b3a856622a62afc8451a2ea81961c8ca59b0ca408a1f,4f592f0bae02c30bb964ff8901625e4145581b9b5483f1b0388cc7d4b2cfefd1,1,1.0,5.0,56866,6,0.0
cefc1b7abca01361e972eb6ae1d806c4a45e0aa6316f87e47412944778ac0f22,1a971633bc18a799226732a20e4454d75cf16a4a6acecf1daf0b961db231631c,1,1.0,4.0,279603,10,0.0
6bc7a01ac84614e55d3a66c620331e1c88ce60d8ebd87af8ed28edaf41bb575d,1a971633bc18a799226732a20e4454d75cf16a4a6acecf1daf0b961db231631c,1,1.0,4.0,441310,22,1.0
c9feba1cd0385b8b9917702f1d359bc31593b2cb83a5f6b3ee53a0b4a043ddd3,62140e82d1e3fa82462bcb2474fa60b7ada4662e2019a09cbabfddaae7048047,1,1.0,4.0,541336,8,0.0
3a3f2506b86ccb6570f0ea26dc8ecd43ee52f8950ac63448c6848d726a613038,79a06e93f610d37682e55a533380a4f73fc457a490b38b40538a1c91ec07e436,1,1.0,8.0,183161,23,1.0
a122ac012e2572bf4d72e1c8e785a145d60f82af8b62ed49d53d836f9c3562b3,367d5325a1d851224a4085eac9ac853ecc56827e23a5da72ead877b33b26ddd6,1,1.0,4.0,1632155,46,1.0
ff43b16f579a9c592a75be6746c1fa73296416dd310485548bce9a77ff899219,af13d8c5600e33ab4e6e0430c9a804cbd7ae1fdee7f526573da56e64fd525d74,1,1.0,5.0,320726,20,0.0
b6ac11f4c721a913f960a9d70e69e4c2effc717fa13e6ebb533a185574378ca3,af13d8c5600e33ab4e6e0430c9a804cbd7ae1fdee7f526573da56e64fd525d74,1,1.0,5.0,55021,7,0.0
9ff187a80f187bd8ab0ef6f6577ecefd92f355d656cfcd45480043ab8f4c9748,af13d8c5600e33ab4e6e0430c9a804cbd7ae1fdee7f526573da56e64fd525d74,1,1.0,5.0,440830,16,0.0
d28a89323ce9d929c16e0589f0b7b7c804c3b92cac704d68473f7ab6d0f222a1,674468d131f28b3e43bdbf51af090979b1103d21e97358824b4570574e5fda92,1,1.0,9.0,332652,3,0.0
9f45d3e37a977128b221ba797f571c2a3482cb4d090e617371b1210fb4396a5d,2097e8f45df785afdd6b40a7a106eaf3172dbc0871b6b9fa1ac0cd21d4f5b355,1,0.0,6.0,315909,9,1.0
4630c034eee750e1d84f92649dd04374908cd035e9db6ecf47a7b0282096e429,2097e8f45df785afdd6b40a7a106eaf3172dbc0871b6b9fa1ac0cd21d4f5b355,1,0.0,6.0,444980,7,1.0
6443376aaf73a79553100dfcd78db169ec77e449976d32889faeee7d79fae072,2097e8f45df785afdd6b40a7a106eaf3172dbc0871b6b9fa1ac0cd21d4f5b355,1,1.0,6.0,201441,14,0.0
bc212e3046234c45ba435a6fd02bcc3d050059d29ecb8b3203ebf7a670609eb9,2fc3907f60686b0fb13209a86b444fb043096d6f62a3b5b6e33549e2476e0b1f,1,1.0,6.0,716463,36,0.0
d27e32641e397658473be72778839b108508b312f123221fca447cd55d44966b,625b57e6d692f3e94ba71ae355cd0c02840af924035e7c328e88f0f53c3f475f,1,1.0,6.0,1585110,85,0.0
cbbc0aa68d308b1561a071a9bd26ce17de32dd6d1123f2d8179964d769aa251f,3a9740509fc13f3af2c3615b1c26d86ff8d37dbfdf87b5ca83415b443619fcb2,1,1.0,8.0,366653,41,1.0
1ed10d8a5317a645c7f8dd2cd0f21945c59769e3da97b38c05965dc47dcab1a4,d5df2032b7c546c85c42e7d723379db51f08661f54b9ed770b88d4da0d760c63,4,1.0,4.0,129903,17,0.0
1ed10d8a5317a645c7f8dd2cd0f21945c59769e3da97b38c05965dc47dcab1a4,d5df2032b7c546c85c42e7d723379db51f08661f54b9ed770b88d4da0d760c63,4,1.0,4.0,129903,17,0.0
1ed10d8a5317a645c7f8dd2cd0f21945c59769e3da97b38c05965dc47dcab1a4,d5df2032b7c546c85c42e7d723379db51f08661f54b9ed770b88d4da0d760c63,4,1.0,4.0,129903,17,0.0
1ed10d8a5317a645c7f8dd2cd0f21945c59769e3da97b38c05965dc47dcab1a4,d5df2032b7c546c85c42e7d723379db51f08661f54b9ed770b88d4da0d760c63,4,1.0,4.0,129903,17,0.0
81c701b021815e74b0c5cfd284b2e1b76f6df4e44fc27cc21d782edf74afbad6,d5df2032b7c546c85c42e7d723379db51f08661f54b9ed770b88d4da0d760c63,1,1.0,4.0,136396,4,0.0
ab6b77aaac4900aee19667091c80c0e46a40c7687dc545035b9c55b90d257e0f,85d7bae1563b07840127ccc0bcd51a132fb990f13acb86b515f5ddd974b2ae51,1,1.0,8.0,345675,22,0.0
efde6002e7a453dc69bdcc3f50f48442b02c9f932c88a67223b44a55a974107a,e46a044de1b39ce032c749400df259d1c07ae92f19ffa6a107e1e05e9814bef9,2,1.0,8.0,477680,34,0.0
efde6002e7a453dc69bdcc3f50f48442b02c9f932c88a67223b44a55a974107a,4dfdcc46a277ec6d15bb00792b96056108cb318d073988fc52b2758fa5e5b2ac,2,1.0,7.0,477680,34,0.0
3b22eb17d89e24a0b78b7d2b9e262fff051d4d407802525b3a2e54211ce32015,c8e33c430220a0b6a04e17a5af55393d00e6e018c65ffdbec875b31487c8c3f8,1,1.0,6.0,157618,19,0.0
e55f352f893648ad5a4d320481bb7b3e2661aa05c8e00a7af351f3f5b77df706,21e717dd02ad8570ecdc5c3018988bbae3616b8c8d84942472efab2b5640b847,1,1.0,9.0,308061,12,0.0
4863fe191775595c76dc8a807ffbb349ad128289f89f97652ac66ceecaa7cf83,472134a7c6e3986f261a7df60eaa0a20052f26dabce968179752bbdabbaa92c1,1,1.0,8.0,618696,24,0.0
abe746f101cc15dce3196abbc2f74ea573431863a26914622f110bded475daa7,d258d6ff81fcf29fbee85fe536dc6ea8ebb3297b7924edac729ee5cc3bbc2b6d,3,1.0,6.0,1308914,48,1.0
abe746f101cc15dce3196abbc2f74ea573431863a26914622f110bded475daa7,b84f394f31e167e2bcba381c63cc9e94a6e01eab0f11d59efc6eb8f4270ccd03,3,1.0,3.0,1308914,48,1.0
abe746f101cc15dce3196abbc2f74ea573431863a26914622f110bded475daa7,11f1e1c880434a6e9adf739153fc2ed6bcbc7dab4b15d25f4ba0425bedf54fdc,3,1.0,6.0,1308914,48,1.0
0d3b1a9344ccfa25de9fe34a7b36dbe0afabd39bb98b91b7964c3748d5115726,11f1e1c880434a6e9adf739153fc2ed6bcbc7dab4b15d25f4ba0425bedf54fdc,1,0.0,6.0,11220,4,0.0
2f1c589cbfb078bb398b4898e00c0db440ed7636f4c9a22badac079da470c050,11f1e1c880434a6e9adf739153fc2ed6bcbc7dab4b15d25f4ba0425bedf54fdc,1,1.0,6.0,94586,10,0.0
53425e324df693949be9d9cdf0fd86d52da4bd92818157de0e2daac7df8c11cf,11f1e1c880434a6e9adf739153fc2ed6bcbc7dab4b15d25f4ba0425bedf54fdc,1,1.0,6.0,365835,16,0.0
2475d6d37ec41f964855710165685d36412ed0124387075d290acecac0b2e594,e49498ee8ac12e9fcc94b449e2b122c78287682cd68431d043f067741b39f88f,4,1.0,5.0,1341973,54,0.0
2475d6d37ec41f964855710165685d36412ed0124387075d290acecac0b2e594,e49498ee8ac12e9fcc94b449e2b122c78287682cd68431d043f067741b39f88f,4,1.0,5.0,1341973,54,0.0
2475d6d37ec41f964855710165685d36412ed0124387075d290acecac0b2e594,93578f8f683b5a575d777ab037b33fc797f914f8e153b1fa75931c31e67ca547,4,1.0,3.0,1341973,54,0.0
2475d6d37ec41f964855710165685d36412ed0124387075d290acecac0b2e594,11f1e1c880434a6e9adf739153fc2ed6bcbc7dab4b15d25f4ba0425bedf54fdc,4,1.0,6.0,1341973,54,0.0
b86c8d7cd52cf1d1085867c1747f193da3ac31c8b6313182a684c4cab67912a0,e49498ee8ac12e9fcc94b449e2b122c78287682cd68431d043f067741b39f88f,3,1.0,5.0,1440596,33,0.0
b86c8d7cd52cf1d1085867c1747f193da3ac31c8b6313182a684c4cab67912a0,11f1e1c880434a6e9adf739153fc2ed6bcbc7dab4b15d25f4ba0425bedf54fdc,3,1.0,6.0,1440596,33,0.0
b86c8d7cd52cf1d1085867c1747f193da3ac31c8b6313182a684c4cab67912a0,f30e7cd6ce9a44c089163111501bb5b9dd6a22d25d2ea57d9a42370f02ee25e3,3,1.0,4.0,1440596,33,0.0
5af0cdbe286619b8273c2073b15fbba5c84480ba23d915f033b5a6914c326d1b,11f1e1c880434a6e9adf739153fc2ed6bcbc7dab4b15d25f4ba0425bedf54fdc,3,1.0,6.0,685299,39,0.0
5af0cdbe286619b8273c2073b15fbba5c84480ba23d915f033b5a6914c326d1b,e49498ee8ac12e9fcc94b449e2b122c78287682cd68431d043f067741b39f88f,3,1.0,5.0,685299,39,0.0
5af0cdbe286619b8273c2073b15fbba5c84480ba23d915f033b5a6914c326d1b,b84f394f31e167e2bcba381c63cc9e94a6e01eab0f11d59efc6eb8f4270ccd03,3,1.0,3.0,685299,39,0.0
7a396f79e40d756b1f4020a3d97c3420f87f21eae7b077ab0df5a0828ce34a5f,e5e43f5fb5b7e3ded2e0813bd699ed52907e2daea3c0edac11ef22878c108eed,2,1.0,8.0,372454,11,0.0
7a396f79e40d756b1f4020a3d97c3420f87f21eae7b077ab0df5a0828ce34a5f,e5e43f5fb5b7e3ded2e0813bd699ed52907e2daea3c0edac11ef22878c108eed,2,1.0,8.0,372454,11,0.0
413a40de7bdbfd1913d2012ced05a85f6ba834e802e05617f69e328250157853,5a50d073b78aad271b1ce3fdc89f5c88baffe2a7708e4350ea491d945a0a181b,1,1.0,5.0,194978,6,1.0
81a81c67281f3c2f29c65d0b2c30321c1e6eb2751e1bc6c469b5f8da1f408856,f9e76025786e808056192dcb58d4c74c3965304845643bfa9611c58abaceca6a,1,1.0,5.0,2384199,7,0.0
e60bbb4f138be8e7a9855f2f1d4e272ede9557cf166511e79ab1a20d09b69729,e681a8d1dbc55187ac0247d9d7ad56974b70271754b7d82021abd627b7992194,2,1.0,9.0,4446291,178,1.0
e60bbb4f138be8e7a9855f2f1d4e272ede9557cf166511e79ab1a20d09b69729,e681a8d1dbc55187ac0247d9d7ad56974b70271754b7d82021abd627b7992194,2,1.0,9.0,4446291,178,1.0
88cbacebfb849aed2f9a4c1a4f4ea9612e9e94db459547962340a3e19579c1ee,2c3c15da41c57b1c3173d5f1a4e013a2e747c5a1717777d80d14f0d82ebcb6cc,1,1.0,7.0,556140,42,0.0
81a415b41482f1e2192e0f800563d03951fd83dbad44e41a6fb606ca2fb5a60b,2c3c15da41c57b1c3173d5f1a4e013a2e747c5a1717777d80d14f0d82ebcb6cc,2,1.0,7.0,684298,42,0.0
81a415b41482f1e2192e0f800563d03951fd83dbad44e41a6fb606ca2fb5a60b,2aa41089900def41ab16bdc90f0d93a6331f686afc4664a0ad44bf22a590058d,2,1.0,2.0,684298,42,0.0
c0afb059cf507ce82d6e1e71e01d3b556b9d4debe7b5add8a04c5ec04aa3541d,cb525a2bffe3ee08104a55d35503343cc0cb086c8927334ed72998cf7df877b8,1,1.0,10.0,224179,12,1.0
531bb05011d75472af7d0b96bd16a37a817fd3736d7e03cfaf9139aea012341e,ec21f59ecbb00373435710d1ac15da96b444403eb81600686c52d401fa9cf9cc,1,1.0,6.0,2014320,47,0.0
deeefcac11ca37fd0fde594a8877d52863de586045747507a04ee3939a5f636f,850fabed7a8eef0ef43a8559331096f8e90be93fb2afdb2072fa7376fe69e3a7,1,1.0,8.0,41754,7,0.0
adcafa5d33c4abe3502f5c9702fa99139e59d33105c125da61b428db9e4ab593,8fa3676a0d397d592edb32f4c945ae8d5ceb15408f9ab9a95759fc8661a31c38,1,1.0,10.0,1120867,7,0.0
49abea115cd6e5a3fe35b91c0d8c7fcb8248976dd0a8976ee0c10aa347441c56,9e38110c7a1ef730c7f9302774f6383603ee1beac329bc7ca83e3e5774098b11,1,1.0,9.0,436818,22,1.0
de39a648bbb9b2c5a475926ecdc92a67882c99ff7651e88ed232e5d25657151e,9e38110c7a1ef730c7f9302774f6383603ee1beac329bc7ca83e3e5774098b11,1,1.0,9.0,110488,8,0.0
461fb820d9a07ffe74315ae2a3277fabe13ca2fccba164021e13252b8b3d1154,521369b3c42daaef0624f6738d5e6bc37c7f5e07c5f8fdf2bc338a8529ce7226,1,1.0,6.0,1401029,6,0.0
9c1da30f452e14f935ebed5c378951afb6588fa0694096ebbeab8a045dbf86b3,4a148c2f921d60b96b74f6f954b099495c673abeb0336645cf256f7bd1e9f8c2,1,1.0,7.0,29222,11,0.0
58a309d047277387de9e3db127f491d16dbbce39519c9685286444f1f997d03b,ca588d596c5dc62284e26dc40ff31564a4306d3d626bc90ec265f01eb31dd4c3,1,1.0,7.0,376356,30,0.0
9868f62a7245bf99ef8e2905ee118bfa4da5ec2f9eeddcefd3d398c57caad30d,71a89430990e7e698c165adf574cefe9069d24b76352a4554553fa33be37dad6,1,1.0,3.0,409458,16,0.0
9523be42a6b8be55530b28a4d81862750c34f71b55ec2e757ca3c4495e715509,92f24337fda03310c7092a856554cc42fa007d246471028b2ed4df3246169ec3,2,1.0,6.0,88530,13,0.0
9523be42a6b8be55530b28a4d81862750c34f71b55ec2e757ca3c4495e715509,b8e3098875b4046afce1724d680f5fd2e9c833def5d4bdeed281704a8a387bd2,2,1.0,7.0,88530,13,0.0
6a46ec86f71f014c0742c806bdc16de2283e8233c79ee7e0454acb203cd8d1f6,6b223fcec9d3cd5b748f942c51599536f5b9adcaa446545b5191068a9f7f2bd2,1,1.0,9.0,1632122,57,0.0
b56bf56ed879487d4724a8143c9d1b5d7c5bbeaf495026278f9e8d7db6d61e6a,4bc2afef659d2aff39f4f5a07df7f0deb813944b93aeb8282363394d88f3ed76,1,1.0,10.0,2891497,142,0.0
c4ca4f3248d7f60192703653d977759d916037bae8ba3c6c0048d15c231f9f83,85218db91e881541b2995b6ce9266cf264c7f26662f85b3a5cbbc907cc4f8c7e,1,1.0,2.0,290825,6,0.0
5a1d0750773989533a8e29a6df8f8d76d78d4da8441f006f18386290f47748e0,85c5305514f7f152093d8d2ff1c59a971dc33ddf82bb1c85c839c7547914304c,1,1.0,9.0,65753,6,0.0
3369b3cb0ccfc0a62ea747e52b56f29f4680f396d8a7e5c3273bf59ac67511f0,01355c63aaae2d5f4514fe6e536014cf44c1d2a65997e39a0a955762de8b9e59,1,1.0,10.0,597787,48,0.0
581c1dfa21605192ab580d722c510079e010ff9ece47e1c283c352eab7a13b70,b7ad8373ea928f11ed885b19c1d8217c2753cc62f6d107f6a0da95da986f2d3f,1,1.0,7.0,2105279,19,1.0
f001603293aab9f29acb6457fd9d4e3b61973d4fbe1d9e8461a0469762c1f81e,122efbb8232a1b6914259e5fd4e36bf96eb3c8a37b158e5f11db9e3fb3e95a76,2,1.0,7.0,189792,7,0.0
f001603293aab9f29acb6457fd9d4e3b61973d4fbe1d9e8461a0469762c1f81e,122efbb8232a1b6914259e5fd4e36bf96eb3c8a37b158e5f11db9e3fb3e95a76,2,1.0,7.0,189792,7,0.0
53bd12389398ea975c0ad8b2efe35eccaab03a5cad1b72a823a67d9d1d1c8d8b,5468a150b6c7b2c21d7fad0b7810825159fab2baf3ac984f64e5fd8b064543f6,1,1.0,5.0,670720,36,2.0
cf7018635d485417a786c5fdc696e06f56965cae1f7bae45f1c2c2fbc75a2f61,3cb214cc63fbf3c9b4bca2623eb211b7168a1b66825d26b7adf66cc3d6b0f3e5,1,1.0,8.0,235519,6,0.0
c1127b58a068c50f66781af31e8dbf57d2fe6744a245b8cd91d718f22f162bc5,b1aa134bba843e46a06f304b73107c1e03286562163b317a4afd0ea74446ff7b,2,1.0,3.0,178182,17,1.0
c1127b58a068c50f66781af31e8dbf57d2fe6744a245b8cd91d718f22f162bc5,efe843f3a31066f623029ed8fda6d55539b63d90b2f20c8a7501cdec45d04ff4,2,1.0,3.0,178182,17,1.0
3fdec697ed2b581b926a80d3ab6575a2517f1194d030b8357ede0d241465f537,efe843f3a31066f623029ed8fda6d55539b63d90b2f20c8a7501cdec45d04ff4,2,1.0,3.0,2793054,85,2.0
3fdec697ed2b581b926a80d3ab6575a2517f1194d030b8357ede0d241465f537,a2a6bf8d83a401871d76f97523209763b4694bdaad3e5936350f2884ea7c1311,2,1.0,4.0,2793054,85,2.0
4d69af67021e95cb97d763fbe2e447a85bd4223186e5b4e288b14329777348de,16524f3c3faa0a46014437ce3a543cf3929e07357919fd7461a3f2e3f26c679f,6,1.0,1.0,919226,55,2.0
4d69af67021e95cb97d763fbe2e447a85bd4223186e5b4e288b14329777348de,b87bbea6085da15725d63aea17bc190713b7648e6f0a2192227fdac993c3101b,6,1.0,2.0,919226,55,2.0
4d69af67021e95cb97d763fbe2e447a85bd4223186e5b4e288b14329777348de,5f7563857372f6a45cca0899b271649b8ffa5dade9874ea0971bf20a60eec3eb,6,1.0,3.0,919226,55,2.0
4d69af67021e95cb97d763fbe2e447a85bd4223186e5b4e288b14329777348de,53e6745392f4829d1416a10e1132d533384b51914ecb77cb5900063f677b1e6c,6,1.0,3.0,919226,55,2.0
4d69af67021e95cb97d763fbe2e447a85bd4223186e5b4e288b14329777348de,abd6cd8d26d7462b0a8d9565ea782b969fceecbc3b264a03b3419b2faca3e9c6,6,1.0,3.0,919226,55,2.0
4d69af67021e95cb97d763fbe2e447a85bd4223186e5b4e288b14329777348de,d909c2dec8fca223156ea8443f385cb120334c6d4646b394de578c36c36cb57d,6,1.0,3.0,919226,55,2.0
77acf12eb50df4c079f080d0cf02de566e52ac63ee0f42a4e7997c694c01a444,d7b4c989162f5c2ba01fe61eaedae8a0fcf7525e2de133279534968a604a8136,1,0.0,8.0,2037938,24,2.0
feea88f3777a43b93b7a3188b41b7e20e391589a738a5a9c12c0d0e9a64fb5dd,d7b4c989162f5c2ba01fe61eaedae8a0fcf7525e2de133279534968a604a8136,1,1.0,8.0,1313253,16,1.0
85f5f8d4f6a4ec6dd74c5b5439d8aaa687f598e20f03fd45e9227a3015281094,c6c6d9ffae1eaa2977a7b069a2629038cb4dacf0db709edccaaa49fc28a24f1e,2,1.0,8.0,467673,12,0.0
85f5f8d4f6a4ec6dd74c5b5439d8aaa687f598e20f03fd45e9227a3015281094,7ced31d3fb6aa902cf4250bfc7ee2b4b6bc796e32be631e49fdfa6b6a7fcf527,2,1.0,7.0,467673,12,0.0
f9df866c4494b9d2f9a4ea9d2e7d7bd82cec2fc3140484a5ced1c39b46a76552,51f4b8f9caba54156ceb0e8eddc00c15b27229bf2353b4a5c981230df17ec54a,1,1.0,5.0,480218,23,0.0
6960d84f03dad0fddb05e91dcd646f9fa327ba475ff40b43d91ee35172e2b9f8,14508c22da411b84da36e212e140e78c362bcdb04c5ee44e0f3c4b377b3ff61b,3,1.0,4.0,401520,23,0.0
6960d84f03dad0fddb05e91dcd646f9fa327ba475ff40b43d91ee35172e2b9f8,14508c22da411b84da36e212e140e78c362bcdb04c5ee44e0f3c4b377b3ff61b,3,1.0,4.0,401520,23,0.0
6960d84f03dad0fddb05e91dcd646f9fa327ba475ff40b43d91ee35172e2b9f8,14508c22da411b84da36e212e140e78c362bcdb04c5ee44e0f3c4b377b3ff61b,3,1.0,4.0,401520,23,0.0
b29f0e3e0c5f53ed001377e2ab5e14fbb01e7cdbacdba722723c39f2a05e739f,465f591f753d23991ab7cdb9b06d4893c6d676da10c62ec41696089c345e7514,1,1.0,6.0,1512027,20,0.0
6b0f797282ed3a2dbeb2c7d6f20a7ba9ea3846549b3f130da2deb63ca9f35324,4074d48a0317efcd51e29954a90cd75c764dbe4612890788e903e9a1a91240f9,1,1.0,9.0,844322,7,0.0
7ddfb7fdcc97f13ab2f5a0e4b19cdf8b030c7fd34643b6874feac6039cbfabbf,02cba032c8c2f05a7f210f4da129e39b1c71edd06964ac21ff759cdfb98d673d,1,1.0,6.0,930880,14,0.0
79ffb2301bc3a4ae29de27a8e8ec13e3c39c1c5f3d62ec282e28dac3fde1884b,02cba032c8c2f05a7f210f4da129e39b1c71edd06964ac21ff759cdfb98d673d,1,1.0,6.0,1802038,13,0.0
990cad0f3cf036704f9cfb55836c4016d2a673b268fb90f06cf903d1f8b08de6,e6f10a83b52ac8363126dc38cf9dbd79486407826b1f2916dd793131ca35c303,1,1.0,9.0,1073167,34,0.0
69ea4ca2b8249f5ffd0bf810810daa7c8155db946652cdd1ebcd0fb91da6c255,27ecb6d045dc56ac424ca50378632a4e88251b7fa77cdd37d7495c5fbfd676a0,1,1.0,5.0,118157,4,0.0
e2e16e7490458482ebbda22bdfecbdb2e9963eae7033d6fd56ded3abdcfad39f,2f660a9ad7d01418a469b6a4ea3999fafe2cb3223103e59545436fb795129268,1,1.0,7.0,433325,27,0.0
5a673bcbfecac031fbbdd43226b46bb7a76ae7f06ae3a7339d929cd852b28fa5,21cd69475f493734376ecc17ac9ef4e58fdab4e1fa9e0526423fb88ec0a85c4e,3,1.0,10.0,1116256,52,1.0
5a673bcbfecac031fbbdd43226b46bb7a76ae7f06ae3a7339d929cd852b28fa5,21cd69475f493734376ecc17ac9ef4e58fdab4e1fa9e0526423fb88ec0a85c4e,3,1.0,10.0,1116256,52,1.0
5a673bcbfecac031fbbdd43226b46bb7a76ae7f06ae3a7339d929cd852b28fa5,21cd69475f493734376ecc17ac9ef4e58fdab4e1fa9e0526423fb88ec0a85c4e,3,1.0,10.0,1116256,52,1.0
2b6aacbbb949bd51cb560fc49c51be1bac8b46de34c695fa22e6806a13994799,50123f57c1dd9fec6dbefc159f9569ed9813b27fe577a64347ce93f000adabac,1,1.0,5.0,1369570,19,1.0
614c295521b54a9948b70a1ec9ea68afd1466b10013d19a2b1055f0547c0861f,dc2a6cd17fef5d1fe16e24050113f466e1516e523aa1ccd0fed6268a9a054b97,4,1.0,10.0,1666802,42,0.0
614c295521b54a9948b70a1ec9ea68afd1466b10013d19a2b1055f0547c0861f,a4dd461f5ee60fdc8db85210365ea8117ee179d5c574031f37e09be32e625cdd,4,1.0,10.0,1666802,42,0.0
614c295521b54a9948b70a1ec9ea68afd1466b10013d19a2b1055f0547c0861f,4c28ea2c39cd156421fe29ee1aac0c9532fc32876cc537c46660bec12ed6225f,4,1.0,10.0,1666802,42,0.0
614c295521b54a9948b70a1ec9ea68afd1466b10013d19a2b1055f0547c0861f,5fa44b39fe0ecc17d713a020ebb802bbe685c6f70d059c08ec67a273873cc097,4,1.0,10.0,1666802,42,0.0
4c1b15e4844305afc136992ac67d4fee101b54bc9c42252c0f9d9992f7c00817,1d1fc18eb7153c9f76fb9ca8bd2cc862592765024815a64027b3ba243ecfd2d7,1,1.0,6.0,338726,16,0.0
6f1f804531399f54e30a31083c756f0e8a488da2acb844fbf3ba3e4426a5c5ec,81e83a8f739d54a1d9a4c70767134f7d0ea0e7c2f757295fbd4816b306fa7c7c,2,1.0,3.0,192437,23,0.0
6f1f804531399f54e30a31083c756f0e8a488da2acb844fbf3ba3e4426a5c5ec,eb04ac86a375d5e0e13695a869fa7b7e6eead0a554ae649100097a2d26ee70cf,2,1.0,3.0,192437,23,0.0
f4c85121477023c02fdfc9098943cdda0624764534561046d5adb8b932c8827f,e0b1f6a08298fe036091da57f9c0f7e645b0b1705ed18ff1bfd4ff66328f2797,1,1.0,10.0,962059,39,0.0
f796f062581b975a5d1319bcefc033f4cb79f588078c1b19829d687bc64379c1,769e1fb777c3d81e220b74d391193460b5bb5a93ac15384844e416d0ad158702,2,1.0,3.0,543335,24,0.0
f796f062581b975a5d1319bcefc033f4cb79f588078c1b19829d687bc64379c1,082a0f7a8d72212a43d30f2cece0219945258de21de70d792b7261d9c98b3570,2,1.0,6.0,543335,24,0.0
5512d9273e16cf62d298aa803dd9356fa405e9074432ca6eb56c624913e7ede2,61094fa8f4cad9a6be976d27f4c72242b2aab9f7f209dc37672a8d9d00f70a2a,1,1.0,8.0,404391,10,0.0
8b189aae9c33b5f9f565f8d7b1b4191ac45b06d9aaf66f12735275d4955bfb33,a1d6d3dfc95b3ad61c638f63bd6fa7cfe041fe5652f3e32538e7b82ac479fc25,1,1.0,4.0,262909,10,0.0
dbe2e1a5c60fbcb0fea149cbee424bee523d22fcb98ea7778dc3c6f3701276a9,a50f5901d870e2e3b5a8b3c9383761595da134998ae6ad5309cc70fbe20ca943,2,1.0,10.0,2302472,43,0.0
dbe2e1a5c60fbcb0fea149cbee424bee523d22fcb98ea7778dc3c6f3701276a9,a50f5901d870e2e3b5a8b3c9383761595da134998ae6ad5309cc70fbe20ca943,2,1.0,10.0,2302472,43,0.0
ee8c4ccb521edec7e0deb989560c741d509196f58821683c58d4d0ef93c308de,7c8ce84b8ba34e59573ab0418da1f45490d2f66800e132404482be9820ca3c64,1,1.0,6.0,1820054,15,2.0
bc4e82071ed1d282bc88d100343fbd890fa20b0285dd295b2c1c7a0ecebcca41,48f1262474a55c1a98481c526cb2389e6455d82a1af88898da0676f13291ad71,3,1.0,6.0,211453,27,0.0
bc4e82071ed1d282bc88d100343fbd890fa20b0285dd295b2c1c7a0ecebcca41,1c46b8aa48e3ab58fa488ac93800c48669f401112eeb53e87e0e3124db52c75a,3,1.0,5.0,211453,27,0.0
bc4e82071ed1d282bc88d100343fbd890fa20b0285dd295b2c1c7a0ecebcca41,830a9c80e3e932863d2ffb9908f2078331939fe39f8343dbc3242760d03ffb11,3,1.0,5.0,211453,27,0.0
6256561e00f7d706f6e2c75635535010d5d96b8acf16045305b291d92bad2c39,bf34aaa99f07a3cbdea194415938b48ce3a1cbc6790522153e67df1cf949e73c,1,0.0,8.0,264444,7,1.0
e94a943eb1e46c3ba23323b87e90dd7166aa7197e4c7145060d755c532f46271,34a792a51c66348ba6a1130c85fe8cb32c17214e591dc1a3431485b07752f21c,1,1.0,5.0,55010,3,0.0
6e026ea4dbc0dd404d6300b6141f760cb2f74bfc11175618547dd0247b568cee,54c752ffebda024df86cac7338cb2c4579fd4f3c960088984c6ef82d1250523a,3,1.0,10.0,3053664,199,0.0
6e026ea4dbc0dd404d6300b6141f760cb2f74bfc11175618547dd0247b568cee,54c752ffebda024df86cac7338cb2c4579fd4f3c960088984c6ef82d1250523a,3,1.0,10.0,3053664,199,0.0
6e026ea4dbc0dd404d6300b6141f760cb2f74bfc11175618547dd0247b568cee,770fdc134eea9c1991ea44c4fbdbdb6221812bd5ac8fe92bc97a276f876a1746,3,1.0,9.0,3053664,199,0.0
b5e0d35b7702b7666d572401cb4d9adcb626698c25c5f1473fb14f9dc0af8164,cc0fda59ed9b92ca024a56a5d7111736d644d7a4136c1ea3b4c8f47fd5cf5d4a,1,1.0,7.0,1086649,8,0.0
7d9920c3f2d936d6f525f98a6b747888a79184191bbddbc4e45b7e48da82cd15,0942fbf687112bf2720e4dbb1cad9d0c29552cf40d69a9057f1f18f4d7d99105,1,0.0,5.0,350114,16,1.0
47fb7dee7a066fce6022bf7c53b6668c6e09ae373895089cbe919ba1ed17dd69,1aa166e6aafba04ee8a5a52722075404676a7c0c1828b71fe4d8412760b45ead,1,0.0,5.0,170208,13,1.0
3432c9b758fb268523c2cd9bf0b6b62773442c735e91e0cd1dcf8dc3ae4cfd39,5f33f9dc9d56526de7f7e3e587c2c1713c61d26d6a5244b0f79966faa0af0391,1,1.0,6.0,126013,8,1.0
e40601941e47f7d4886743bc296a0e305bad84691ada278045f6bcbf49d4ba89,ff759213fca354e3ba6bdf6f52594d8e5888146b440dd2d9d1bcc1dd8cc48880,3,1.0,2.0,2533568,34,1.0
e40601941e47f7d4886743bc296a0e305bad84691ada278045f6bcbf49d4ba89,ff759213fca354e3ba6bdf6f52594d8e5888146b440dd2d9d1bcc1dd8cc48880,3,1.0,2.0,2533568,34,1.0
e40601941e47f7d4886743bc296a0e305bad84691ada278045f6bcbf49d4ba89,578a99415768b11e518781435e6714dface689557997791717ddd1e432ea5e3c,3,1.0,10.0,2533568,34,1.0
081df9ed266a6b97f7ec3ac75ab47036e06cee0759bdf5eec401f76c1615d825,e0a91a201dc1d7cf0a9ebf3fbf499a9a0e2667dea389945cc6b2ac6f749a8d40,4,1.0,7.0,856848,74,0.0
081df9ed266a6b97f7ec3ac75ab47036e06cee0759bdf5eec401f76c1615d825,ba42cbb8a509c852cb5a228b9709235cc0503967e4854c73a10ef4ac96d92905,4,1.0,7.0,856848,74,0.0
081df9ed266a6b97f7ec3ac75ab47036e06cee0759bdf5eec401f76c1615d825,5593f5d86ef3d4011f830ad73cbaf045192242836c8e9572870449cf3b77aae4,4,1.0,7.0,856848,74,0.0
081df9ed266a6b97f7ec3ac75ab47036e06cee0759bdf5eec401f76c1615d825,50336bf8e211c90b7cc78c16ecc61a37d24da1d973ce53e3ebcf1bd190e1637e,4,1.0,7.0,856848,74,0.0
769838dfd78cce302d85916dea8b2c072eb83913c349465d1a2d5881d6d49849,3507fa62c4872f9176b0f781690a75d388f926024b9d8686db4fcd7e0de958b1,1,1.0,3.0,77723,9,0.0
c6a08c4f5a27c28ec472a60447912a9a6276116080c09db50dc746c49a1ff8d6,a7d6bb944b150f2b118d688d7af68fdbaa25fa6a81bd3f714a4dddda9fae576c,1,1.0,10.0,123616,6,0.0
4795248f28ab2538d25600cb0d8dd8658f29963088087b4b14eaf77c5f33eb45,513e39c839298edcaa7f2acd3b11044ec5cf91c890efe6ff554a3d7edaa4c7da,1,1.0,10.0,62005,7,0.0
eb697cce703c5414b5f6ee534ab81599dbcb2ec6a2454d46f86db39d68f3a62a,287629bba993e2b9a5b83a67a98bc27e619d238a62cac2320eca1ef286d3fd95,3,1.0,7.0,1626792,39,1.0
eb697cce703c5414b5f6ee534ab81599dbcb2ec6a2454d46f86db39d68f3a62a,287629bba993e2b9a5b83a67a98bc27e619d238a62cac2320eca1ef286d3fd95,3,1.0,7.0,1626792,39,1.0
eb697cce703c5414b5f6ee534ab81599dbcb2ec6a2454d46f86db39d68f3a62a,287629bba993e2b9a5b83a67a98bc27e619d238a62cac2320eca1ef286d3fd95,3,1.0,7.0,1626792,39,1.0
c0d6d0d961658c48b0b10a66889208a5f6d06ba5c72bb035d9d1e6fb1799f1a3,fcf59ea06e00b39e7474fbcab000e31929476783d4035a7ede8817be0a63b3d4,1,1.0,9.0,1844647,33,0.0
c56103e07e9585407a7602d21f8914e6372e2ea9d125d8cb02f7bc2a9a31ad10,fcf59ea06e00b39e7474fbcab000e31929476783d4035a7ede8817be0a63b3d4,1,1.0,9.0,727780,15,0.0
b01a45820bf6b2c22a08dbee415ce7d536bcf31854452fc95398e1a5d1ad0f26,25458ff12d354fe69d89aff3ed30de334e6f3d259b1e3f3880966e83636584c6,1,1.0,4.0,5299123,76,4.0
2bbfc5432f63cf5b68759106c1c2edb226baa577957be147c53177d7bcef27d1,8a4035eae5355c5fb0ee2e2b884aae7e2d8ce2ba5824d678eae379de6630108e,1,1.0,8.0,1589243,69,0.0
34b5571cea5a0b99cba8d6fdcb03588046e64933e07fc5d73d44d27f57e99fbb,988a0e9a2638f7f158350d05eac12cf1007b42aef8d4794ae92f65d17c1a5191,1,1.0,10.0,13426,3,0.0
5551ecb09c73f3ab719a40ac480f16c9906a1658739987742c2f84c18ab72ff3,b527311a505d972a2c95928a89ff29fd68d1cd8dc25cca3241b0966aba63e9b3,1,1.0,1.0,163905,9,0.0
5b03da9a95509335d0a122868592f2f54d6b0cd7ff689c46680fd49d90997711,5efd4c817059b11690185d58c7a9d9057bcd9e46c861ce1128689d43eb3accb3,1,1.0,7.0,26595,3,0.0
4749e58f55fb335af4d231eab7bcfce3aba1b480cd0e088991a4cced8e4ffa4c,17e0fdc759338ce9b4063fbf587ed552153220956c71b55ba58dee5a0cd742e2,1,1.0,8.0,2854750,26,1.0
7cf368d1a5c1e19e1234d42f3f0c040d29160ade554dc7663c22df3e44e3ae33,45d2b5046219bab99d1dc1b0cd43b27a06d2188845962d43ba36b1c183e6e3f8,1,1.0,3.0,81060,5,0.0
c7f22ac00d7263bbd1c5e71c6aedd03a4eb9fd44a6c3895b1bf47b6800253c08,207dfba34a566f572bd76a22018c18dbef4f280e95e0b2e02f50a789040e4829,3,1.0,5.0,314970,10,0.0
c7f22ac00d7263bbd1c5e71c6aedd03a4eb9fd44a6c3895b1bf47b6800253c08,b6881658f4c6b5d9c1713d952c3188b2036888c0757d463816e5b1b472e1d365,3,1.0,4.0,314970,10,0.0
c7f22ac00d7263bbd1c5e71c6aedd03a4eb9fd44a6c3895b1bf47b6800253c08,b6881658f4c6b5d9c1713d952c3188b2036888c0757d463816e5b1b472e1d365,3,1.0,4.0,314970,10,0.0
9d620d750e76ef411c329bdca8ecedc5e7ec0b32fc29c9631f7be0f6c1a36ef9,7cc461705496b9c3bef8341675a04d9969a36be00211a9647493ea0e7977ff8a,2,1.0,5.0,2458972,112,0.0
9d620d750e76ef411c329bdca8ecedc5e7ec0b32fc29c9631f7be0f6c1a36ef9,7cc461705496b9c3bef8341675a04d9969a36be00211a9647493ea0e7977ff8a,2,1.0,5.0,2458972,112,0.0
3d2a9bc05526358c80851d22b0673ccaa2c703f72d943e347aae5b0baaab8be8,6f0d1ba0aa3d68260c27ed0fba200718170b643adc8a4aa3fdf362478b508b2c,2,1.0,7.0,2526964,21,0.0
3d2a9bc05526358c80851d22b0673ccaa2c703f72d943e347aae5b0baaab8be8,47bcb76edb3e0cd196cf31ba6cf9683ed425364e7ca8502bd2088ee041e8b912,2,1.0,8.0,2526964,21,0.0
2f82a918231d34f4c29e85816da2ee8ea712d9e3b5217a2195440b1c466ee775,8b354bf91aa9301f6b0892d2338a07d04f5260c9e7f64c5dcdfa2a4f47582975,1,1.0,8.0,304481,13,0.0
3b38456c44184024ee2bf9ecfd169e3ab0164e7a09c663d9e67ee2434013dbb9,159f4f1aaaa4025bf15b5033cc279c3dcca815af5899a5b08802a453d2e088b7,3,1.0,7.0,2417170,80,1.0
3b38456c44184024ee2bf9ecfd169e3ab0164e7a09c663d9e67ee2434013dbb9,8b354bf91aa9301f6b0892d2338a07d04f5260c9e7f64c5dcdfa2a4f47582975,3,1.0,8.0,2417170,80,1.0
3b38456c44184024ee2bf9ecfd169e3ab0164e7a09c663d9e67ee2434013dbb9,f7de8ec5eeb754fbc2a8081cb44d44d643259047bff2b6cf6684dc94a6337c05,3,0.0,8.0,2417170,80,1.0
41e1706b8e5b139f04ecb48e4901ba5f619b5ae08e04f954cb6a7b12364491fb,8b354bf91aa9301f6b0892d2338a07d04f5260c9e7f64c5dcdfa2a4f47582975,1,1.0,8.0,2342231,85,0.0
52aeddcbb5ba7bab5d2a6bc40ac451a3878ea956210117ff2f67b5930f120192,a4435aceafa985e9ab49cb7c71ca3d6aaf6798becae91f72f35fae0bdd76ba6b,1,0.0,1.0,44570,5,1.0
16a985524b4ee4f38d56c4e6a11837d4505166e553c1a5508ad0ceccdacb5507,4af71a32310a7b90fa66b43d6d51f6b48177eb617b5e3990e8cd48e1c35f4adc,1,1.0,4.0,850666,14,0.0
ee55861d3d3605c5b0ab9d65b44afaf72ee5b38b3d9467cab5793ca3c9dbbf08,4af71a32310a7b90fa66b43d6d51f6b48177eb617b5e3990e8cd48e1c35f4adc,1,1.0,4.0,373303,12,0.0
1bb6b657009ad317b8fc35b3343365b8654edd325792d3502c3c389761a7826d,95014003be3f9eaa6673ff322a0d324622c4ddef8aacecca020470f8374c1d2a,5,1.0,6.0,1587400,52,1.0
1bb6b657009ad317b8fc35b3343365b8654edd325792d3502c3c389761a7826d,95014003be3f9eaa6673ff322a0d324622c4ddef8aacecca020470f8374c1d2a,5,1.0,6.0,1587400,52,1.0
1bb6b657009ad317b8fc35b3343365b8654edd325792d3502c3c389761a7826d,95014003be3f9eaa6673ff322a0d324622c4ddef8aacecca020470f8374c1d2a,5,1.0,6.0,1587400,52,1.0
1bb6b657009ad317b8fc35b3343365b8654edd325792d3502c3c389761a7826d,95014003be3f9eaa6673ff322a0d324622c4ddef8aacecca020470f8374c1d2a,5,1.0,6.0,1587400,52,1.0
1bb6b657009ad317b8fc35b3343365b8654edd325792d3502c3c389761a7826d,95014003be3f9eaa6673ff322a0d324622c4ddef8aacecca020470f8374c1d2a,5,1.0,6.0,1587400,52,1.0
d973c49b3b972e727fe94b1d6bd0b85af4af632a43aa02f206b7945c9776bdbc,02811154912b9607cf422e76ed5cee633f7d8c4c1d4becd9e89e31fc92605ebb,1,1.0,6.0,29489,4,0.0
8c2a64ff5407126359f4542f324f6c6871ab5f2220f0cb822928aac0d62946be,e5e43f5fb5b7e3ded2e0813bd699ed52907e2daea3c0edac11ef22878c108eed,1,1.0,8.0,550760,17,0.0
6f509f1cf68bacb92a10d67272c6514c5e48a4d091f88c49fe1315cff4e07e54,8f2fea5780eb8b138ce58ad67e327411ed776b520a7e7d7d7510d8d271c4c3b7,1,1.0,8.0,382945,9,0.0
964ace380549ca8d70626062408af1ec8a8a358d1d29b0e24c78f3a0f465f01b,b6c93bd121dd42fd8d1bee31e952a03207d09d796ef6a37c2a229bfe84a39275,1,1.0,8.0,69018,3,0.0
f9602cb433fe051d6979477b286294123aa24ff9d8a130ceff3430938a1d5e7b,3e238a4ec9e1ab9be6ce9211b7a25bb93d945a2062445daf33f9d02f12ff7028,2,1.0,10.0,2087616,37,3.0
f9602cb433fe051d6979477b286294123aa24ff9d8a130ceff3430938a1d5e7b,3e238a4ec9e1ab9be6ce9211b7a25bb93d945a2062445daf33f9d02f12ff7028,2,1.0,10.0,2087616,37,3.0
2440cbe95e278953ef6da604b8c622af199a5799d78ff9c3890c56057e7a5b3d,3e238a4ec9e1ab9be6ce9211b7a25bb93d945a2062445daf33f9d02f12ff7028,1,1.0,10.0,545811,19,1.0
7ac05578c56805d46cae21dd32d691ef2b832285629249110060fd9676649b74,3e238a4ec9e1ab9be6ce9211b7a25bb93d945a2062445daf33f9d02f12ff7028,1,0.0,10.0,345590,11,1.0
c3ad0b39b1525eec7a2f6f5fa57ca2e811bcd97b857c7393a24d40be8ac66d3a,3e238a4ec9e1ab9be6ce9211b7a25bb93d945a2062445daf33f9d02f12ff7028,2,0.0,10.0,6937908,67,17.0
c3ad0b39b1525eec7a2f6f5fa57ca2e811bcd97b857c7393a24d40be8ac66d3a,3e238a4ec9e1ab9be6ce9211b7a25bb93d945a2062445daf33f9d02f12ff7028,2,0.0,10.0,6937908,67,17.0
7f900d36b9c0d9ef6e843c4cfca5b66380e1a4bc23ac2495df2c2137db6485fa,1c46b8aa48e3ab58fa488ac93800c48669f401112eeb53e87e0e3124db52c75a,2,1.0,5.0,2166764,30,3.0
7f900d36b9c0d9ef6e843c4cfca5b66380e1a4bc23ac2495df2c2137db6485fa,1c46b8aa48e3ab58fa488ac93800c48669f401112eeb53e87e0e3124db52c75a,2,1.0,5.0,2166764,30,3.0
be2d0fad8e82e1d2afd57cf7d9d1e1d0a113a9bb29e4be0957649e8fa764d78c,bf5379a43188c86e2ae33e63da6ddfd5c59892f574cee908efdedee48874edad,1,1.0,10.0,613369,25,0.0
e39cce795c7cc2df634dcd5277b515b4fbef424d4692dbc8b201e87b5d9d5921,9abbf12061040c3fcf87d83c8e2b4a379c4e80b5f16412a0d5f378052414edc1,1,1.0,9.0,94583,13,0.0
6c739ea370dfe86a3e95b40f8df9cd14e2dba2920c285d60b80081da204bdc8e,66d4f67eb8761b46fb2db67a0b63450ea5d436a3f264bd96bbfca7331dd6a49f,3,1.0,4.0,1300907,97,0.0
6c739ea370dfe86a3e95b40f8df9cd14e2dba2920c285d60b80081da204bdc8e,e14a88fa5082e3f44499930f1a4c1a9481d67629d8b74cc11138e13350ef980c,3,1.0,6.0,1300907,97,0.0
6c739ea370dfe86a3e95b40f8df9cd14e2dba2920c285d60b80081da204bdc8e,66d4f67eb8761b46fb2db67a0b63450ea5d436a3f264bd96bbfca7331dd6a49f,3,1.0,4.0,1300907,97,0.0
40c751d56c8db9132da54a05614308657609872f86589fadebd6ee809eb5271e,4c878b3a5718f374e56c4e53826a64a2920abab96fd8f438264a86fe3235c3b4,1,1.0,7.0,173787,5,0.0
eae3cd449edfb5c221fb4a70c32024fa65394ac80fb42bd7a5b735b2d4c32120,5528eba6b61577ff7f3f9da0e113705a5a4d8bd7bd975d0c8a7f027cd62f3a24,1,1.0,8.0,3320876,42,0.0
abdb9ca1b035c045db3f1966ae7460de3efe6495b94520231081476e2acfd3bc,1a86f68ca74ce7d4f9e2e28a609d8d6ffacae5005efcdf482d31171b932cfc0a,1,1.0,1.0,1644869,30,0.0
44c56c7fb6926854d198a7602f3bfd66087e225bce922e24f90262171c1d7586,c03a32ce3ab7f5d35fb566b000c3fe72004c990af011ffdb57b6a8c5322a27f7,1,1.0,8.0,66048,5,0.0
4ce41334900e11ef3e18dfb437fa7a2ff2953f8a3e6dfa0620e5ba0cd45829cc,05c77acb89da6bdf0b531783e596f4d85d8007ede494848d2d8a5c087bf3b080,1,1.0,7.0,127672,6,0.0
65c0ee2a92df701652195419966507030d323757de8a06841bf3124f01e38d70,179b82df088162286f8aea038beb5f72b863b2e9580204e35a942d0f7d9bf1db,1,1.0,6.0,1179163,29,3.0
09b5397298c9b83d38323a6a313fd291dc6f9abdefd73fb8ab241c0f305dab89,5fb12cd83e911325b3775984bfe2e8dcc4502290232c112a364203b02574e71a,1,1.0,8.0,2754809,13,0.0
aff19b3988ca6d2b8b713ef83e6e7ed21e95a34298aa26e986efdc274cb3ae95,743e5bb3030821987b7cb9573fe48bc47e0ac846eb4ce33eed792bc51199dd7e,2,1.0,6.0,98915,9,0.0
aff19b3988ca6d2b8b713ef83e6e7ed21e95a34298aa26e986efdc274cb3ae95,743e5bb3030821987b7cb9573fe48bc47e0ac846eb4ce33eed792bc51199dd7e,2,1.0,6.0,98915,9,0.0
c558a5614dd49f44810e64d2c54d4fd65b2f65f1f5b4d9461a14b84e72fd1925,3c21b726194ae7b8e968c2e137a22ab10b90a065a363695477de4bd45f50c501,2,0.0,7.0,144135,14,2.0
c558a5614dd49f44810e64d2c54d4fd65b2f65f1f5b4d9461a14b84e72fd1925,3c21b726194ae7b8e968c2e137a22ab10b90a065a363695477de4bd45f50c501,2,0.0,7.0,144135,14,2.0
7d214137998e1eee8ca7ab5d6d7984a52e85f63df52745ed4eb3951276b0ad55,3c21b726194ae7b8e968c2e137a22ab10b90a065a363695477de4bd45f50c501,2,1.0,7.0,1156352,35,4.0
7d214137998e1eee8ca7ab5d6d7984a52e85f63df52745ed4eb3951276b0ad55,3c21b726194ae7b8e968c2e137a22ab10b90a065a363695477de4bd45f50c501,2,1.0,7.0,1156352,35,4.0
01e4904e14dcee2312afa63490a29ec6cc77b3abb296cd23126e24c0295d2637,465f591f753d23991ab7cdb9b06d4893c6d676da10c62ec41696089c345e7514,1,1.0,6.0,71976,5,0.0
4785bf04a1a08e802e0bec1974e3555ccb7a3dd8dd3b38449b44d9a9ac3cf6a2,fb04f2e3ac43dd85543049425c52349edaa73b98bad155aa2e8581e224a20c2b,1,1.0,7.0,203282,12,0.0
35b79aa15efd1417365b65b1db35e55832bf5a26a162d41ac6f9b7f39959228a,aeed20a6f70e699adb8adc053a20f5de5a80e2cc2d8d3ab369bcde9a97578700,1,0.0,9.0,705253,31,2.0
1b7e416cc050b9b3efb1264ee5dba2213362107fd169e8adc1205952a8627feb,370acc51cf3183994595357438102c221d3e36fe71575824e22df85a9f0898eb,1,0.0,5.0,0,1,0.0
1e84767d93452a7c0dc045dee41bc5899137a9f0cc556e30fd4f818c1b7c7c44,dc4354350a627cca3d4bf8c302faf8b0f4d20ae675962df98de1fce9c3df19b7,1,1.0,8.0,904271,6,0.0
12f34beba30757c4a4de9f076e42829c450853fd9976e16a4390b4877e3ca00d,dbe46dfc1aee1bccd9a7922aa60173d9840daf5e6e96aec50ea93bb80fbfbbe1,1,1.0,6.0,430015,8,0.0
03867fb677d4960be86ce8b63f514b16820c497b822fb7d93a1a218079e79e60,dbe46dfc1aee1bccd9a7922aa60173d9840daf5e6e96aec50ea93bb80fbfbbe1,1,1.0,6.0,48265,5,0.0
69961da71c7ed6a532ba1f654af45bb5d83b11da8d59b1344fe372ed351ec74a,8dc2d194f6091947f5551dccb73090ba1b1ed4f531d05c22e5eb228dbba61bd4,1,1.0,10.0,173033,9,0.0
18a308cd9c97254b12807e1f0cd35890b8d41d2019b34ba50c24f15a022e6015,27940ec18b27c7c01b8459a4dd4ef8c0a5ebc3fe6a34586e4b620c23d31de1d3,1,1.0,7.0,311037,36,1.0
ca9a536bea86a6b1ba0603d1a71606a125bd424ab81794fb5362f0fd88af8db3,12fcdeb510fa500c3ba80cbfe595c56602a966ebb59772740df8970aa8f6230f,2,1.0,7.0,391156,21,0.0
ca9a536bea86a6b1ba0603d1a71606a125bd424ab81794fb5362f0fd88af8db3,12fcdeb510fa500c3ba80cbfe595c56602a966ebb59772740df8970aa8f6230f,2,1.0,7.0,391156,21,0.0
0a4b98369e79cb51218131d8a7cfa566f3fc081bbd9788a9cfe7a01db68d518d,02cba032c8c2f05a7f210f4da129e39b1c71edd06964ac21ff759cdfb98d673d,5,0.0,6.0,1160246,48,2.0
0a4b98369e79cb51218131d8a7cfa566f3fc081bbd9788a9cfe7a01db68d518d,a87589ba74fb4db8473a782d98293ebeba61164a2560a5eb03a9d38639715a6d,5,0.0,4.0,1160246,48,2.0
0a4b98369e79cb51218131d8a7cfa566f3fc081bbd9788a9cfe7a01db68d518d,bfced2942872e370277a90303b87623d3f1ae629be8cfe65f1ba650100e9bb85,5,0.0,7.0,1160246,48,2.0
0a4b98369e79cb51218131d8a7cfa566f3fc081bbd9788a9cfe7a01db68d518d,4934c161658b1de2993e527c67f2657ddae331b11fadfe83faa09f6f863e8194,5,0.0,6.0,1160246,48,2.0
0a4b98369e79cb51218131d8a7cfa566f3fc081bbd9788a9cfe7a01db68d518d,9fa59e8e28a4f1425f9a0a6420ed22aa08ac002cf600efe33af85e47c11d3342,5,1.0,4.0,1160246,48,2.0
daedef3a44e9923ff6381b9debb24e04911400ecc8e47b10b13d43235effb996,7a0f7f149dab58d6454fb6e7b870ec82900521df31bda3e988f4ce71bacd763d,1,1.0,9.0,754151,26,0.0
78eb53ff9d1468f132278cc16c85de7633088b4666ba5b27c6754db74171a6a7,73faa6bcb48981843a901bf180e9c559ac1a4165d59086ce365a982165313b4e,1,1.0,7.0,90145,8,0.0
cd2fc5c29de509df07b78fce24846c237d7ea13610259601dbe3d62a4b6c207f,695ea038afc9ce9917ee7a5da11376187261e5b46aee6bc78e1c7827730a08ab,1,1.0,8.0,132403,11,0.0
a67c700b3985f2e9f2f4595a7094b49a99e33f88821e61523cff6dec71ef4324,1efefaa532321d264e4fe991fe2d50c6d8e7c092a91998bf6cd2faa03a9c29c9,1,1.0,8.0,1463914,25,0.0
de1e1ad1c451ab8c825504c831b4e76ffbb2f5f196fee3f9d78bc38f01f944a0,b76e73e71a745d2cb077c4728ba0c49a62d0f32894514e491c1a5e5b89a043ac,1,1.0,5.0,530474,23,0.0
8691f141acf0fb1cac00f8e1b0d1e80279e152419aa41f57f0eaf637d483702e,f29fbc934f4c2340801052adc981a3ad2703d02b59a5c34b51372623025bb9d4,1,1.0,6.0,1862538,40,0.0
2d773c321e2c5682b88d4121b2249178a4c8c32b07174a36f5156d2817679b0e,f29fbc934f4c2340801052adc981a3ad2703d02b59a5c34b51372623025bb9d4,1,1.0,6.0,919126,22,1.0
8582232647a23466d4e78852d49af6ae3b73cebaace9aa9b51a2be03d45afd8e,6f83e8f895bf4f96d5d1bc480b40f3a0969d06064f84f28a039ca1f801e8f24c,2,1.0,8.0,1208139,35,0.0
8582232647a23466d4e78852d49af6ae3b73cebaace9aa9b51a2be03d45afd8e,5063274742307af2e68234a80c58ce2a01a1145d5ed8ac63b1ff243ee8057f5d,2,1.0,8.0,1208139,35,0.0
32ee3d50d3064236b427a71e861623c40a21b50ac430506448bfcb0307ef7055,c914eff41bc3e194f72aed30cdd08f14501bd55f0b71b1fb46d6bd84a9b436d1,1,1.0,6.0,90657,10,0.0
8537b77e2def9653400152395e35d38c2275067a6ed7c001973def47b7fe053d,fcf59ea06e00b39e7474fbcab000e31929476783d4035a7ede8817be0a63b3d4,1,1.0,9.0,37397,4,0.0
81bee13fc98a8d42f801d6d778516050a6239b37905083860883833684010558,981325101a8ed7cd2d6d99a4731f57356cc065bb17aecaf400d2d0772bc0678a,1,1.0,8.0,1351975,25,0.0
d36a322a3be5f85419b9f0c169850d0a8ee7713c7b27a2263f06ff3b0aaebb63,902552e633e509142dd3e0bfdccbca2ac73a4d0694f8199878c71320cb1fcaed,3,1.0,4.0,421303,44,0.0
d36a322a3be5f85419b9f0c169850d0a8ee7713c7b27a2263f06ff3b0aaebb63,538fbce9f39574bc3a5d5bf704bce5b7c915b18d692bb9ccf2e7740e070ead9a,3,1.0,6.0,421303,44,0.0
d36a322a3be5f85419b9f0c169850d0a8ee7713c7b27a2263f06ff3b0aaebb63,380f1d7cfc5c62ac4ac4ca4ca108b45c0eebddb355af84861fdf99105ddbfbee,3,1.0,6.0,421303,44,0.0
9f7606db65e36f3a1e2152c6048a6212f7127ce2842469f96e6372672a269878,f6afe628b9db1a0cd5b45d6e83d577287053e0c25a61407fbb16737ca452328b,2,1.0,4.0,481202,16,0.0
9f7606db65e36f3a1e2152c6048a6212f7127ce2842469f96e6372672a269878,f6afe628b9db1a0cd5b45d6e83d577287053e0c25a61407fbb16737ca452328b,2,1.0,4.0,481202,16,0.0
087b23c02891bbdc6b496e33e4e12903cf5292f01c12cc8c260d779b3fdf5bc3,f6afe628b9db1a0cd5b45d6e83d577287053e0c25a61407fbb16737ca452328b,1,1.0,4.0,34185,3,0.0
2b880e4db55840e1f25cb3d7c025d76a52d4c8c61ae33d8eddebc4b3b95e0f37,f6afe628b9db1a0cd5b45d6e83d577287053e0c25a61407fbb16737ca452328b,1,1.0,4.0,74873,7,0.0
fde96e24a026728c5ae6eb46119b43e5672ce70826d74177a404b77f1af29f6c,bcec4bf55cb2f4db39c5879275c5ed222beb4b2594d4adefbe55239b3817fdf5,1,1.0,8.0,1945869,162,3.0
4e7b213249af8054e9352773eaf1e9111f80a9733ba319b48796f2fa9e50b218,3dae1950bb8fb875f3552c1c4751d5ba0d0c1b29d2a0b4d51e26fb30828e64c9,1,1.0,7.0,131390,8,0.0
60a3d9449037755c7fbd444253da3c1abd73e77c16c8249b933bc4501433ba33,3f884a0156ed90c13d9c165a0c115c2d9b1cf8975ed8a61b4b53674544fa06e1,1,1.0,5.0,2172975,9,0.0
d21f80ad3035767305af71ab6e0757f5813c69b5399a767deae9f97f9fec6e56,d7229aacf08658864b6488927c5f62dcc6549fd6027cf78cdaeac8dcb54824f2,1,1.0,2.0,336756,7,0.0
24a8197b7837ddb06ca35cf4b8da89fe4de879797e7e9363e94c5c7f648d3956,22dfb1a9416cf9b6f290a0402ba33a5b689463f2f36e692a2973505c71827a0b,1,1.0,10.0,1936406,52,0.0
a256d1cd5eef301a04f441574a9f83f8cc93124abde704d0b9e7f1a72ececd74,5aa365d1e68aa7ccba6644c68f147a59c4b7cca6ffef40ca76a91c3f0d9cc45c,2,1.0,10.0,635348,29,2.0
a256d1cd5eef301a04f441574a9f83f8cc93124abde704d0b9e7f1a72ececd74,12f36332f2c0a52f0b1ef1b6b5a9474d05d322840938266e435be978b7a2597a,2,1.0,10.0,635348,29,2.0
0bd1ad258ba2453507599bcf86586d273c651ecadd6bc9a97e313efbc04ab049,c3d063d4b393206d954db8c3b247ff4bc00d5ac6a087f15be89d4d70d6930ec4,1,1.0,9.0,1366145,11,0.0
5c4fb0ec00bb50c67151df192172a19c4873c8bfde9c93bf52e2c46c91a45f06,57fcb697fb1a055cc0d7ac44dbcbabf86ed2d566e7a3b1538f0889094e56a7d6,2,1.0,3.0,224473,14,0.0
5c4fb0ec00bb50c67151df192172a19c4873c8bfde9c93bf52e2c46c91a45f06,6c71e3fb0c8c254c5a41b3046c43e92dd8f0be0d45678fe48ee6886878070fde,2,1.0,3.0,224473,14,0.0
9eb356d7d689656ecdf7770dffdc25bcb46b5107519bb9dc282dfdb77729dfd9,2ea16960e0afe5768c56bace310f3abc92db915321c7f91e30efb496308efa82,1,1.0,6.0,2360700,21,4.0
327fdeb645d0c7ec928c32bdda128c2cd53ff36b3e3cf9af9a57ef7cc970d758,9b3e6a6047df34f8118f0684ee31fe14085234e98166a71150eb714d63617840,2,1.0,6.0,1178037,95,7.0
327fdeb645d0c7ec928c32bdda128c2cd53ff36b3e3cf9af9a57ef7cc970d758,f3966a20a39724d8dc0b40fbe46122992a654e25fd7a24c042ccc5ea280f2439,2,1.0,6.0,1178037,95,7.0
2452c2c5d6e7f15b5dd724aee9b2390ee415396e7e229c590855e3fa9819df21,7b4fda71f0ac843a3d10db82fae1c0ca68e32ad63597487ea42a08cdbf814b2b,2,1.0,8.0,2313197,93,0.0
2452c2c5d6e7f15b5dd724aee9b2390ee415396e7e229c590855e3fa9819df21,47639b63f90868e3d5a407c72e094dad8e8d31d3a5436c52d3f85f6495d9deb4,2,1.0,9.0,2313197,93,0.0
d38b15ef98aa270f03a4e8f927a6e3cdd1cf6b6820fdb0d75560a6ee28afca50,13cbd4105d5091c78dc21d7ea7c82c01ff822623ba108d63111dc7df78ddc961,1,1.0,6.0,89255,9,1.0
b9de471842d2fd21ba08020b47a9f8ba9251c8161c9d07cd6c0e0c8463ca3b95,bf62bbc85450443266e99073e977d120cd0a3b9128f5accf6cd13058fdf6b19f,1,1.0,5.0,779596,36,4.0
c7f83dfbe76dc37ae0959084ac11cac334ef1db5bb2242e57f493c83af0e2f41,9ecb899cf02d539b80995cc9b0787d110c1f3b272a19fe2c6e34f1659cafa085,1,1.0,10.0,187108,9,0.0
82e0945277c49933bcd6a2ec20698c1d6c664954bef08dcf792a972e90e4e124,8284a11c11ea0f539354691faeffdb73937c33eaf56cf245030e1f7ba237860a,1,1.0,10.0,1594332,40,0.0
d3abc65a46c0cc2db1b4bbc6ebe82543a3217ffec7d06ad09bb5fde5c0ef72fd,e99173f27a0ca489ac6e83a6565f0e7f6700bef1bb9d76e464b1118749e54f94,1,1.0,8.0,38770,3,0.0
4ae210f8d319015260aaf40cbbf1619515c28230d6c9a79543432e83370daee2,d11cc1b6d69ff6d5dd78e367fd82c433285b82ac9eced63a004b2ef5104ddbb7,2,0.0,8.0,605915,26,1.0
4ae210f8d319015260aaf40cbbf1619515c28230d6c9a79543432e83370daee2,1d171f6879be2418ff25218c65027f023240bdae7580830bd081f39e2b9e7910,2,0.0,8.0,605915,26,1.0
17ab2b4765024544eaeda1722ff9d9e6c31e920850994058121c8e958ffa1764,fe731567e08b298f5d9a4c232e961aec686cb5d171b3dbd40c5396ddab2e748b,2,1.0,6.0,768962,39,0.0
17ab2b4765024544eaeda1722ff9d9e6c31e920850994058121c8e958ffa1764,9c9548b588353b2f8195028101a98609cc52093211d3a0ef45e981689a7d74ec,2,1.0,7.0,768962,39,0.0
664ecb342947e296f575a9344ad3cfa7e3844e89a1783b934ea8134139f31a48,1ba09f01856a38507e64abaf150f18b0fa686795344bd62806eaaf10e6c50477,2,1.0,8.0,521799,50,0.0
664ecb342947e296f575a9344ad3cfa7e3844e89a1783b934ea8134139f31a48,1ba09f01856a38507e64abaf150f18b0fa686795344bd62806eaaf10e6c50477,2,1.0,8.0,521799,50,0.0
666b77ce03aa06287a4933a0e7601fddcc306d227a5d64b94df4f1196345de77,f211e0a2363dc6f0250b7ee90567330b20c5cff5314f51df8374a548c6d156a7,1,1.0,8.0,1089844,35,0.0
8d2d23c9b7802759196bea3f66e95a7d4faa4f3df7d0a884dff2d48a9ae46e17,4a5e2803d6971065997ca7933a326f2f3670a400221ed6523ce3f4c77afc861c,1,1.0,4.0,40930,5,0.0
f7e3a36b42d61d61bed1080e224a0f7aa0bfaf18749be99383219e41650c461c,df2e42d370d93cc99c055becaf6d8f9993f53ea394edf26eae54b5cf7a0d91af,1,1.0,8.0,714863,40,0.0
89446932c2ddf50f0e4e6007b82bc6eb69e67d619ebc8967d6fc6dea3bf64609,4d95ca46f842f185edf282d9dcb51507cd3d67e2af708eff4c95847175c844bb,2,1.0,5.0,337190,13,0.0
89446932c2ddf50f0e4e6007b82bc6eb69e67d619ebc8967d6fc6dea3bf64609,4d95ca46f842f185edf282d9dcb51507cd3d67e2af708eff4c95847175c844bb,2,1.0,5.0,337190,13,0.0
9106845ae65b08f501b9b3c343da718e3073f7b6be615c4190055909bc54b0f8,d9072b798e7153da666d3cfcde90d27b9d742b13ed4c9d0213f9368bc78bfbaa,1,1.0,8.0,149578,13,0.0
8202b729fedf984261ca8ef8b86fd511ce1e9b84665ade0fe47deb8803b9a100,be3670f438ef679c3a541f6657df151dc5944a4b549b585f5321adb8f3670d85,3,1.0,7.0,606621,27,0.0
8202b729fedf984261ca8ef8b86fd511ce1e9b84665ade0fe47deb8803b9a100,1a5b2ee1a19a73c43ffdccf6ffd0782673f38b9257b9bbb0a5379b277a01fd54,3,1.0,7.0,606621,27,0.0
8202b729fedf984261ca8ef8b86fd511ce1e9b84665ade0fe47deb8803b9a100,be3670f438ef679c3a541f6657df151dc5944a4b549b585f5321adb8f3670d85,3,1.0,7.0,606621,27,0.0
